Player,PlayerID,OldPP,WeightedUP,AverageDelta,AverageFactor
mrekk,7562902,30483.879508557886,32130.606620723684,39.692426838216825,0.20012336621784685
cryshina,14715160,30482.255231215895,30734.29089404594,13.241711008079996,0.40712425687023496
Accolibed,9269034,29324.765098211185,30338.288543643554,22.20755748033188,0.2808338609970914
NINERIK,10549880,29603.409181538267,30122.829732432576,1.6542996009951265,0.37408787874732785
femboyvaxa,15406985,27541.56411590547,28970.32470482448,14.981882016125239,0.24992916838982476
lifeline,11367222,25788.09740967491,27660.875999314325,58.069214927778866,0.2074459597415153
milosz,13108233,25514.73062480723,26687.473471801244,14.15172545178737,0.31436050011405375
SYTHONIMUSPRIME,4175698,25747.19456951153,26119.01032664488,-6.717764813015791,0.4762087898385601
gnahus,12779141,24714.311670010877,25045.026231935946,5.1268958403671725,0.23266318572678268
NyanPotato,13211727,24614.719630569787,24539.792645470865,-16.466062189886863,0.36660322126160666
killer2007,8251785,23543.626917782654,23907.944608191578,-8.30301375491396,0.36309590043115103
bored yes,21207816,24568.746397810883,23884.576303776357,-15.220321483078974,0.27731774976745155
jahkon,12137295,24359.79973621636,23305.095952548712,-25.075279382144608,0.367791007128857
Chicony,5199332,21777.000937615776,23126.69818274752,15.942093558792967,0.27731953206738047
ferret irl,6725771,22678.72427688841,23101.970639685245,-4.10024880846154,0.4080893416244505
JappaDeKappa,11496364,23421.78231820519,23008.03461939455,-9.52700097593368,0.29940621599314027
aimbotcone,12952320,22311.814027897763,22596.865461125708,-2.4564985866858717,0.3113586879364634
cloppit,19851850,22690.48296377461,22488.748670918936,-20.634744925014946,0.402192461705653
PLOXARU,6404583,22402.418425844946,22338.528531094427,-12.394269711527613,0.45881816737145414
reused,11626318,22142.82459372445,22282.6459650834,-6.977606469542683,0.41998478740783135
ASecretBox,7341183,21608.176392464356,22053.85614928513,-18.34804373060667,0.47136714363261684
cloutiful,9970083,22843.458599577752,21902.40539924872,-22.547297638614097,0.3586942748785844
Zylice,5033077,21844.059389744936,21881.78373152298,-8.964342128947214,0.3843633710429206
creator,13962152,22181.036308683535,21721.335328972033,-7.5742125929071396,0.23894496682513178
enri,8640970,21435.473075824157,21522.827286417083,-18.605682491111462,0.4197952703278001
yamss,6600930,20075.171931811183,21310.655155119763,35.73268544524497,0.12359389870475274
PinkEyeFan2013,13609904,21104.13474512057,21121.21199378819,-12.10819027121799,0.39556580121740753
Kamensh1k,16817965,20712.50849556833,21074.662581018492,1.6266502832911942,0.25685153268829
OnlyHadley,17730661,21700.976124275116,21020.19631392797,-27.077865428261358,0.5753663467352785
WindowLife,4108547,20298.6320627383,20837.249933017105,5.426781950428733,0.21408734512881772
MALISZEWSKI,12408961,19302.509827769747,20645.10788739342,6.091137870578212,0.30677287636763695
Spring of Wound,9074780,20877.668493256704,20628.880342463213,-10.218638176774704,0.3422027198003248
freezes,15296720,20886.586347357737,20619.826514362587,-10.922720666986665,0.3271781472639544
shimon,7525949,20132.76128370364,20533.674565683432,-2.150076344558214,0.25133815267226217
FlyingTuna,9224078,20073.169320016328,20510.781980575295,1.607626448675336,0.22459218377176363
aknzx,9938943,20887.549430717074,20509.020566144754,-24.556978472651718,0.46145090927733645
plambob,10077431,20522.97562925482,20444.50239453278,-2.2297796145415782,0.17943587480739037
ChocoPafe,8856806,19579.652718909754,20399.169098508304,1.95432465802877,0.30719608672618187
MINHOCA LOKA,10651184,19987.101644846563,20381.62195356059,-1.2016652617172394,0.2510809196325451
Vudek,8816345,20704.589864000667,20288.393133752936,-6.8122875176995965,0.14384264700974086
lovetachyon,9642774,20000.42891904519,20080.360458488572,-2.3938212586011787,0.19208356098726065
cIoppit,17235399,20920.746927920594,20069.58705032078,-35.11436805390052,0.6451835806835164
Dereban,4882979,17949.708987131173,20068.6390100218,64.15436708601443,0.02809442944918103
Flaro,10323184,20172.49466645611,20054.548901650116,-1.0328748934058547,0.1519860325959338
smozhen,12873118,20532.370641173555,20017.223088089977,-27.73769268191287,0.5359039522508864
originset,25444680,20926.749859279273,19962.5656471881,-27.43755685532099,0.43835152031811475
nujabes,12258658,20423.885536133683,19917.254995959738,-17.63177542345521,0.37474655365085824
Shyot73,7918057,19757.63370686394,19879.099202072906,-11.64006811979041,0.3704028214829882
El Merami,12834269,20243.834671229295,19859.10724976029,-14.821922438095644,0.4581503461698344
hqshe,2675255,20600.102121652584,19834.434753060483,-28.28694302512753,0.444269154067778
Mathi,5339515,18178.442972594774,19830.49170767297,23.476772962183837,0.16629341308966195
WhiteCat,4504101,19316.335080232657,19651.520400405934,13.370793485285192,-0.01152780872199425
xootynator,3717598,18763.504984220188,19613.404145751534,27.1152743119707,0.0406135825879341
MouseR1ez,15119977,19922.40593816841,19573.83294503864,-15.992477000367405,0.47443982398821
yary,13300203,19769.151950067127,19543.601292327752,-25.340720566065603,0.4780683862160522
xan_ly,11885405,19892.147139622775,19534.20182033501,-5.326299634902118,0.27649312885682886
aspen,17707250,18038.92603643475,19522.97683087707,40.082909246579476,0.09167859414243887
Kurumiw,11415687,19736.535859697662,19499.400210184565,-13.746016377678709,0.2611986250132754
nehemiah,19072684,19874.468584936792,19486.579669534523,-12.626689923462413,0.31583609929275036
Raikouhou,8007528,19486.598300284437,19452.587832194615,-9.85464007643806,0.318103125948416
Egor,8868635,19973.80577343894,19451.26911675015,-26.460229148638838,0.5438133758529232
majoreh,7959222,18624.24757451199,19359.712418624316,11.36020247314475,0.3312278970242934
Pipipupu997,20120615,19561.682633355027,19351.984863663023,-12.253737593424836,0.2840641061111585
TTv_UFO,14676719,19713.89511167659,19301.40035924015,-10.345939653273094,0.260657663506307
gwb,13216706,19940.897114728796,19105.433210728632,-19.979305781196505,0.36771632693676987
kazamabc,6937470,18263.52560425253,19080.21953771872,10.698611402307385,0.1842353513488792
Zoxeim,13051015,20160.565210896017,19044.616668803832,-25.323376579541332,0.44301600061097335
RhythmicRS,14097024,18311.450113665684,19021.99840238373,-2.069396027469412,0.37008657881427065
Mahmood,7627844,17672.651111224586,18951.250996278086,17.1253264427086,0.13060747925778618
Rafis,2558286,19063.759375137994,18944.138748476966,-6.370562065816191,0.2618285563175666
Aricin,1419095,18293.964762187126,18915.714219114707,26.80658171824658,0.07337208334789797
ciru,6114695,19214.31580639444,18899.70048585894,-14.789512133875313,0.32576424720443486
[ Master ],12130906,19053.12489204968,18887.276228751576,-3.869447896126985,0.16253718814005705
suurii,10916561,18965.537514553736,18879.596006614018,0.12778953255343709,0.18064763732371816
rektygon,7813296,18512.575887335126,18877.500958443547,2.2113479518805343,0.18519854725738058
ur cute,9993348,18881.796343437985,18834.47940477711,-8.756976667985686,0.16401761712261959
Utami,7512553,18780.223126397737,18825.335503848346,-7.424838882556812,0.2370675853727869
Saiyku,13767572,19323.995589361326,18780.548851990814,-21.159921787504604,0.4244116648881155
Freddie Benson,7342622,18902.269050069775,18780.507484890873,-1.1967706567698326,0.13066678975000928
chocomint,124493,17901.933702761613,18755.07562735086,48.20158805120345,0.03744523823619008
[MG]Arnold24x24,2291265,18830.89096500357,18739.37767163271,-4.190046335548126,0.2762867405057786
Welter,11552867,18437.590509286954,18725.333179844063,-1.8857395933932117,0.1813376327585467
def,21619075,19394.671519552747,18648.88699565397,-14.459089152292508,0.26572277893418367
haxor,10933605,18700.549358726985,18631.423087278028,-4.8413059847694315,0.18665295558571882
Intercambing,2546001,18094.783922767478,18578.94529501518,8.207712099517353,0.1131775762997819
Drxvmik,11383358,19321.057015484108,18511.75435813609,-17.262498068867068,0.2843274811348956
puppy,6304246,17847.82025714372,18502.958918660723,12.045247526153581,0.12381207207879535
Blah,12204079,19005.25712312152,18476.405573058517,-17.079097291572445,0.276614698483816
sakuraskip,11829390,17225.083380356955,18461.423698631083,15.848456553683084,0.2119233682773319
[Karcher],11443437,18747.215764432774,18443.431198514907,-15.835543862697731,0.32628862271274556
kacper,9997093,18615.084901074064,18438.86093886732,-20.01569868660961,0.5501808562933593
hexi,10760701,18337.239574782303,18428.431897511917,-15.94897058136833,0.35803874682301645
ratcho,8075782,19207.268392299553,18427.053374094365,-22.07876582032639,0.3752169233846637
Vaxei,4787150,18239.605309196395,18361.552895689067,17.579381484951696,0.062428494136670336
MALTESER,5218178,18154.89302848743,18342.44028890699,3.9138877068065447,0.19171339539274534
mcy4,2165650,18487.416464789978,18307.54513101872,-11.307217590085127,0.29596796638459905
Bonk,4209965,16403.64150520174,18303.37657867999,79.76243577351809,0.008547683892829585
Shirosora,10613549,16554.1746803764,18288.35244236572,44.48925143403716,0.09184691620405178
perthed again,11604978,17628.583151397466,18286.59904674376,3.779120904615088,0.21449076326747155
EZChamp,1719471,18418.077498666808,18272.16904637124,-6.10269130208864,0.35460664716576673
awesome sauce,16900233,18299.848515857346,18254.733274394224,0.3527465398743732,0.1990565821778173
CUPSIZEFAN,22274174,18867.952621805216,18253.08301324971,-20.3875508104411,0.3434338317539015
vixylium,12155780,16623.327362482734,18227.217408506665,44.9780617655035,-0.0006206616874434029
Pablohh,10092099,16261.710826882334,18197.94715036349,56.57474209362016,0.02208925421296846
-DEVN,7280590,18166.853862164884,18172.63994336334,-6.194059792675179,0.2379898122267509
fudge,11592896,17706.409750056944,18168.47819808792,5.15111879240607,0.09839987524757694
Weetab,22082286,18650.083240377102,18138.451231492883,-15.58255044817475,0.33943762731140475
Zaqqy,3498155,17318.046232064327,18128.782110522938,15.703524546845765,0.1423247333286446
315,12169267,17344.07586187259,18119.36927964209,18.955943188769865,0.2603128905745239
NaPiii_,9849451,18387.678958100132,18026.86125779876,-23.097170951143543,0.5255940315887703
RyooYamada,9896317,18920.420303355917,18014.348560581784,-21.97763890890191,0.4402238875563138
dawza,14733785,18170.15883956716,17994.48380760228,-6.931270825439942,0.2659679450474021
decaten,5645231,16868.351918344353,17992.713105113515,24.188552032404267,0.1380634828638459
Suyong_,8799923,18686.409371561796,17983.514826285806,-21.83963331801773,0.3759504040878871
Zeaqk,14733798,17690.787356794477,17967.665740254663,7.966252641806947,0.12202845114462287
Kyujin,15293080,18278.540853569168,17966.371166559427,-22.064195091377783,0.42651512114546963
Lolu,13204938,17153.86139513754,17824.078249857947,13.369074910935026,0.027756286634896276
AdrianLabubu67,11930908,17706.12313394228,17732.430719969772,3.9071656158846655,0.17488007835340727
Dever,16320893,17575.23141280242,17661.045322455037,-8.913535065708384,0.35892580734430807
bunnylikemoney,14215850,18145.188534895944,17645.13479799873,-22.82658616315671,0.3888611175912648
Librarian,10083084,16774.721999607114,17640.58223833365,32.92139896647429,-0.11957477603198076
tekkito,7075211,16374.142487628322,17616.23244804332,16.615650146693966,0.12183954354375622
willy0214,8660293,18095.923364098257,17603.643015792677,-20.55966257670845,0.5041065223459337
Apostol,9902255,17730.560232276715,17529.949341757416,-1.8011400986365367,0.25515113976535836
Barbone,17104779,18030.3871091736,17524.69532592969,-24.984371888114175,0.42080547405103486
VoProSSoFF,6524092,17876.15382843877,17520.042118184425,-8.968070120317499,0.23456849163162904
leancat,14573462,17385.964756097448,17515.746749409074,0.22046816290635207,0.07312635619309642
R1cho,13065919,17378.43794769598,17508.136153701194,-4.6856745480910265,0.2899970612179533
Bubbleman,5182050,17395.335187549208,17493.65453191704,5.464126885888521,0.17072894880501963
Tofunim,3893786,17619.58410854254,17467.9513107479,-7.676409733880981,0.21853952015550523
Dreamz,18903701,17928.566463155053,17458.878052208587,-17.456299520469198,0.32937130137792936
f8t,12605572,18133.34616025181,17448.37638738213,-15.197170800151406,0.2942545569353158
zekrachi,16800870,17270.431658435886,17440.26367308742,-4.151475889030595,0.18392865970623098
gamer228666,5981005,17870.86093480831,17435.03921379798,-18.942847911214283,0.42317259899105125
Andros,9072586,17610.98630731335,17409.974278749385,-4.827151014693067,0.22623252462266194
big_tatik,15780777,18096.678363224735,17408.398955489913,-19.2399606382584,0.4426110749221617
wuhua,2932510,17748.038242001778,17390.448474232624,-14.712353502634514,0.26247895617825306
hyeok2044,8472976,16927.92132560098,17386.029628515273,-1.068580622460803,0.21552329501068324
Riot,4256461,17019.077241829364,17358.789752960598,2.5794450638725563,0.18489091160195292
Neinja,12632867,16281.74838726372,17357.343009817192,16.699502650738232,0.12570712131500714
Juh,10145045,18125.655531713513,17354.299674882855,-21.310030642136,0.3912468165763146
TrickyPugster,8082362,17352.09834445128,17341.183531850224,-5.67624479025831,0.1630239645136422
Chamqp,18604347,17756.491849017882,17332.841783304622,-14.64766805820274,0.24247977375799296
KappaMarz,17663097,16069.321718863137,17319.336753924803,44.599436228420146,0.11870566531222992
criller,8116659,16811.768956045806,17317.84287614718,17.137229696271348,0.06836796831360593
aim1trick,18441629,17718.604602473555,17307.61266600053,-17.261247512340766,0.306666986418248
MeOwz,17446380,17312.296465039726,17290.343099217134,-14.572161284285308,0.3254232149184773
ULTRABAYMAX1562,15587374,17145.3728212521,17286.177447502778,2.789665268683069,0.27048757037264615
YMD,17202789,16690.291472060166,17280.113447726984,17.549108306512604,0.03257833007248613
Rupertion,5774823,17125.206965203826,17276.662649280293,10.973795614178066,-0.011859358000216846
MyAngelMiku,7025429,17518.486289079017,17210.122925701588,-7.2095567059009875,0.2110911286680459
Swiq,11269055,17052.851927896245,17145.183453527065,-6.29162842153121,0.19134970352099617
Amamya Kokoro,2511839,16121.277029899118,17112.828270445953,25.71138960883796,0.08091368458744688
SaintSFT,14970132,16942.397094119486,17092.1364892235,6.4405459743718065,-0.016911414018208573
Master Oogway,5319959,17016.37957960156,17087.428816099247,6.854843966167294,-0.0750693812548294
PikaPwn,2012453,16493.42115849623,17080.829682156207,9.714393922317544,0.08823671442842931
synoxa,10333154,17793.904334033534,17080.602150352373,-13.794105699443895,0.31715486109100055
Kama,13380270,15829.031765342708,17074.346969546932,30.713705988241273,0.04730268035923645
jabahh,10380158,16638.830024390627,17062.220244959608,17.730095876525624,-0.10369042330239603
lolol233,11375105,17037.687989521513,17045.075599672655,-9.982228592401748,0.3521003800308818
WakaiYuki,7883418,17265.458498493983,17029.39099478288,-14.418358459940182,0.3869485143252296
wudci,2590257,17647.96456118706,17022.24518299623,-17.314305851423292,0.3474550067456443
JapWhite,7068158,17482.028510716398,17013.956384150737,-7.9312311864536245,0.2583073285364774
FGSky,2094566,16711.86296090211,16993.455018970602,8.287832481260045,0.00015851198410352208
Zeisen Udongein,7892320,16470.83245079182,16969.26853369319,15.320250624785785,0.021187373011927687
cedru,10162611,16869.941879603717,16968.3563572442,2.270281638641094,0.06710086870009492
MineFrostID,12159899,17071.15932189762,16965.576556225784,-1.9330818117456545,0.3202320233032232
NoSin,6142837,16157.055726398563,16958.102827105962,8.704923773363586,0.1726184544208487
sylriu,12637617,17226.985027727125,16952.155751107846,-10.470451070653722,0.20135267820334962
Zyntex,11806306,17032.758018980367,16926.485740182743,-4.15588049963039,0.18369974397737743
Salih_Ege,27214524,17462.61648728652,16902.61464270541,-9.046929177278047,0.19883929514515367
Varvalian,3345902,16872.673173391115,16894.561217322884,-3.5616229609364574,0.1081528842830741
Mastasz,1876565,16920.80496977044,16888.700773183446,3.669060215866973,0.05675719110722513
Choofy,24409289,17659.85187531356,16887.3431864099,-16.352461102843314,0.33040870997445004
Juztan,14272451,17272.402731759652,16885.067268575694,-14.116351872144069,0.30122766431721576
hoanito,7724148,16754.58164784569,16874.00186092495,4.79389201808321,0.04476537755509236
Mike Tyson,14764185,17143.905396042115,16844.32352209535,-11.718291470941075,0.24803552682456387
GET LOVED,13705417,16413.184272721155,16837.286426941482,2.0408525722942024,0.199880593911724
-Hirata,10188022,16861.698001188695,16836.061586438427,-13.936487083282842,0.34382426961873863
haga1115,6574823,15471.886648059542,16828.785434034224,45.37141351750408,-0.012892550559304463
Nongsa,2572468,16650.129543139916,16819.123672338497,14.780686909540423,-0.033209623339524916
Zoomeree,18802561,17180.744455520617,16772.822951304384,-14.729204435429388,0.4013414885437249
Umbre,2766034,16869.746137297,16761.210380504817,1.1305080091380524,0.04422823082427291
Paraqeet,9942252,15680.98522533861,16755.97602791484,28.438884744122774,-0.05390478186944834
Stixe,18351160,16692.052762742984,16731.48017647202,-3.821239455210897,0.17962965990187982
_Shield,1860489,15494.148959362517,16698.45057018186,33.85877807054902,0.0720412123451232
gabyyy,8481621,16277.114204476038,16673.580570553007,1.655790696550322,0.22188480729397117
Ashdoll,6806754,16200.748894757236,16672.838337046716,24.26693063836141,-0.15335875032131133
badeu,1473890,15908.741218361767,16658.16912302534,26.885857006207125,-0.1889951004897485
okinamo,3765989,16297.455090852543,16653.154795790986,13.39446270449504,-0.034556482903690025
Salikuu,13287112,17229.05468241818,16651.187818009905,-7.6933870112545515,0.14419000040304136
Bibero,30751112,17222.05458890644,16637.457286216737,-4.280464651498817,0.34351452653191134
Jemzsee,11553627,16594.791809655933,16637.214035477034,-2.3105512570369044,0.2041551046025112
_fefe,8133880,16185.921446688566,16633.60822408321,-2.5555868140360793,0.27429268868123796
Jorlando,12052880,16033.934734789746,16629.396578894502,8.696340355326763,0.20995726309572083
Fleh,7780605,17181.604361731206,16623.728922159164,-17.047181825866748,0.3954951355428263
etternia,28071599,17062.32530989165,16601.29589361788,-13.162879991534679,0.2959644419834678
Reimu Hakurei,12686213,16631.76438293342,16596.706378807772,-3.1023099404425407,0.1194446506684592
etn,4581069,16744.390955273902,16591.019843464142,-14.649182562449603,0.2999684463341237
runnysunny,15339747,17186.705500645512,16576.483438940057,-17.330117076397965,0.34778177572930935
TheKusoAimer,13735210,16654.66798932036,16572.999360975657,-10.695760970463285,0.25659318862038294
big snag,8181420,15197.219352002094,16563.077811013558,40.48903068290556,0.02648822324391271
arekk,16085078,16310.867399367933,16555.914155115126,-4.333512797795662,0.2840164674252411
Dempsey,6788821,17051.567942255548,16544.891300944157,-16.487356380189578,0.3801605313501778
lil bread,14992852,16826.365180409914,16541.216407925134,-15.648170629563221,0.40952994831255923
Thornnn,24371637,16913.16649885091,16527.795222161578,-28.731733478000237,0.5615550490099308
muccher,31144837,16272.610846555777,16517.062094530418,-2.8911204846089005,0.1932506163789436
matcha,7613309,17040.596716138054,16498.340352234096,-10.488947003449221,0.2613659866355347
desuqe,9712285,16112.321422024954,16484.31279889126,8.859282211715765,0.21943925909790102
Pinguinzi,9414229,15501.029491248955,16474.680771198182,21.020553655855984,0.019417717383338588
nase,15428284,16739.477721144063,16465.89816898193,-6.4167229713789915,0.2517615296639241
FlasTEH,8443945,16949.07508568481,16454.844186568615,-10.713254078691957,0.2083810312614742
Chipori,7027766,16262.986020183376,16454.140216510914,3.1355672154523053,0.09417650177813215
Trail Mix,3328742,15311.901270320457,16438.852736852037,25.290477794874906,0.045380856755656805
MightyDoc,9067591,14873.791126280908,16435.47637828598,43.69568141371223,0.027502836996300805
nanoya,12366071,16411.020748970263,16406.672013610863,-3.262379850965416,0.12338896801062108
trxlcv,12011739,16191.504124087913,16398.86080841795,10.06330323369894,0.08914881031595583
A]],4959454,16744.73017283641,16396.38728080509,-4.14178383885874,0.34356266916445277
Furude Rika,2768421,15402.81899352014,16395.462212923074,23.251148693313283,0.11565218176439171
CyberOni,16616677,16158.14114612586,16394.859473875218,-4.949869830567175,0.20941635562087946
T A K A O,1334384,16628.4830483963,16379.447707171612,-17.41808560451,0.4250652291000497
Ethan2222,14249222,16485.62101747871,16378.878995212293,-10.098230572858489,0.212946838501086
Snowy LP,8975836,16059.61315264614,16368.813206775863,0.5742242970043128,0.15090011055002106
Reedkatt,8335950,16142.053340632776,16355.471056346865,4.7539884030128094,0.05344814617059434
me slow,11410238,16695.49471871999,16353.16381030072,-5.11281563754488,0.1433766689520442
Ledeau_Fox,15816872,16634.17502356949,16342.075784920055,-15.972200176579427,0.34241409923388744
RafaMat,10743390,16430.01246694897,16333.27912683154,-16.269265053761327,0.3682323831526272
trumpatino69,10903510,16644.772917440394,16330.588518592436,-13.490394582595009,0.4112172074525999
queue,4787223,16035.36088411752,16327.344772337668,6.484763373136287,0.18945406280902954
-IZZY,15225729,16463.643191390416,16323.83913261253,-13.29475913799929,0.287980510051831
fragranceofpage,11399348,15542.690364266478,16309.68829352148,18.714888771900615,0.08445878391803087
zoomiee,12482926,16678.52036328728,16309.624071818831,-14.460683723091666,0.33775679953983945
Teacchyyy,7178423,15778.022470434822,16308.29425486255,11.211780238406085,-0.053850378928955
Arge,11215030,16700.322114046503,16306.672388666106,-3.9901300026544506,0.20654096734537244
Hakui Koyori,10717635,16009.581620579102,16292.752175005397,6.391811096799859,0.04790201225984036
reimia,11243772,16582.634375491743,16290.234149010472,-15.455027152263904,0.4151059271784886
im a fancy kids,16270893,16802.103871341358,16278.97272983282,-19.61607808484953,0.3792705970796867
Tim Kackner,14385814,16353.543701893153,16273.092390886906,-1.8767914139839035,0.06911171358181636
Demonical,5447609,16313.283971922043,16269.397272972727,0.349085988634165,0.11019514597241553
Fobxx,9747255,16674.358158937295,16264.8380541642,-18.32099762141157,0.4142714495984169
-Din-,7972980,15853.830355575352,16254.94996109688,6.653935453385326,0.1265250049637679
Sodor,7784120,16956.306385296142,16248.522205465031,-23.700295251201695,0.434780954037588
k4rnu1,15537476,16930.87486412995,16244.83136520712,-17.45114171690409,0.32148733892101544
Cole Cassidy,6787940,15905.551178510685,16229.815873478981,13.937162443551342,-0.0010203319412830172
nicebroccoli,8696866,16351.755589385975,16223.95475702228,-2.1370638344730732,0.1256099365793075
idke,4650315,15536.55864544047,16220.864980442315,31.45208727295067,-0.06636968030361245
nejzha,8105138,16634.42729589529,16219.940601591741,-5.564437925913934,0.13928398724364321
Skrowell,9694263,16120.809715241832,16213.111935192195,-6.899202588977455,0.18907008951589094
Melxdy,11113213,16690.060802074302,16211.569086603378,-9.772536994327654,0.2977424197877464
RAMTIN,7216681,16287.053730902277,16208.925030514554,1.648904156424735,0.17103490700155313
misha awa,14503423,15355.740214775133,16191.022189134526,16.770024700895764,0.15014212943142585
Tsuwagi,9313951,15864.16422271208,16185.192841405573,10.912271672720172,0.03626907773212247
jixxi,11652827,15494.481634014204,16181.798816126719,24.73537986357853,-0.009779408611492362
azr8,2562987,15508.328491849137,16181.245838914832,24.55636709342098,0.021861234893122347
Vamhi,6123428,15900.814185646212,16179.817166091216,13.165613949237759,-0.15383572199637707
freed0my,9099771,16674.554876385704,16170.131891151885,-15.988782441623618,0.310280078113983
nicki1324,612898,16437.317818249627,16168.740186848376,-5.3942341423579565,0.15123037308173207
Cellinia,13214651,16249.578606452971,16162.50872401466,-0.27994826262987543,0.1565199784593976
yukarimybeloved,13286326,17030.128463420908,16161.392302080234,-17.141076814364652,0.4021569313361141
dench,10073635,15916.149166849604,16156.406168914125,-0.4208209339500115,0.07376070025472849
Cracento,6619303,16080.477258851628,16153.882989368616,2.0414426526704426,0.006485793151029711
Coreanmaluco,3149577,15229.967214437997,16151.595690713635,14.053119056069534,0.09681751983582786
Vayge,16359045,16168.139794351362,16139.46378455299,-0.8718955621412305,0.1351781762284367
jop,6360447,16521.64126346196,16126.686028294225,-13.942316072187324,0.33901202650572443
sharytory,16139008,15223.568884624907,16109.810856574375,29.979359994409336,0.0654724362696901
Doomsday fanboy,4511522,15775.225231079794,16099.502134622797,5.843996241364331,0.13380076151436607
Jorikawa,11663882,15450.998499944375,16089.664119304456,16.35732382332641,0.23746802480479445
kotkotyar,12197743,16723.397536547825,16088.581842085036,-29.897408775412906,0.6038551676578796
z9a,13057699,16415.29939461854,16081.297239174755,-12.793259415282172,0.33602721147333425
nekore,18946207,15975.59780547169,16075.127610839763,9.016561117855298,0.0443507221148086
iryl,13016277,16359.367239142852,16047.509574838165,-5.882897006559857,0.1527772156482719
C-L,8901306,16539.4315557397,16045.450126774625,-16.443730496611874,0.3447186990906686
LordGabriel,9227895,16658.249411396657,16037.471621128374,-10.861432629950873,0.28812333726485756
doctor mojo,13872859,16411.741204069112,16027.677628962094,-9.922925264481046,0.1938562374947691
1v9,6646269,16269.520046688787,16027.663561329893,-14.970407472000876,0.3556477102100879
status,21435330,15676.979540560182,16020.023848778545,8.50967200795751,0.04095402771362532
Homutan,8655635,15911.035479510558,16009.3565321382,-0.9173262255608483,0.22113348082702292
Fametime,11405263,16135.268831751342,16009.339329304483,-2.449538203445295,0.05342351345674871
lPogonyuto,6800152,15302.935157028125,16008.547313685312,13.495626813970658,0.12972701101253672
judah1224,16756305,15756.986055008032,16004.588745097777,2.6787800359691083,0.08326787717907054
Abyssal,5527745,16105.8506143174,15993.1763642002,-8.297141802984351,0.2712130612375176
monte,10077132,16424.609147396604,15965.1196360231,-16.10215711189992,0.3486529803063661
AllyrD,9561644,15650.55150779076,15961.628987918473,17.427092140399022,-0.04996433315381666
Xiel,13266755,15722.447882678822,15952.441466810833,8.988447145834318,0.006344803856682359
shiromisu,19618102,16378.146854277364,15947.966741799093,-13.970874900699549,0.33174184986993355
Oscar con boina,18284065,16091.4464182978,15933.448155888727,-5.55903501047931,0.20441588118900345
Red_Pixel,4170932,14642.19342400664,15932.17191440871,43.383209837778146,-0.005655833187632281
wooting,14897088,16651.926745485154,15925.746554666528,-9.723982433180012,0.27679545674150835
Willy William,19776980,16751.17966157276,15918.300547989114,-10.28089373513575,0.3016394620926932
Sh4rq_,11684622,15960.24354500785,15909.300451128001,-8.675803425370994,0.28588634696683346
pomidor0033,11878480,15670.402373536235,15901.65901093465,10.0062346189858,-0.09087933611698515
Kotsik,9820878,16192.400628827974,15900.521420277048,-9.078316353590637,0.27130421351349754
Tutel,12241010,15948.101996923446,15897.849821173528,-3.878672686356416,0.24657325106346403
Nailer,14277157,15953.905390949136,15893.913519363638,-0.41543909197238466,0.11903494679079735
Karthy,4196808,15597.581489246408,15888.089015803256,13.548155121694016,-0.010894654830724325
XxJoeSwag727xX,15493529,14951.661329566465,15885.470305880051,18.60805184367237,0.13304073039344969
BTMC,3171691,16142.046399295814,15884.942756963032,-5.658634965928184,0.1835611846018963
Alumetri,5371497,15052.365971504281,15882.165395555718,18.14041323534609,-0.05741322039746066
Tonnisdk,10890712,15968.241956267211,15874.9917764209,3.8707713990818977,0.18125142599938077
maxbireo,4682646,16137.641304091476,15872.270449486543,-8.80635426155971,0.21940851115033
marzey,11584669,16551.085476805925,15868.368580753011,-14.544384752795514,0.4094992311954671
nemroz,11307733,15959.862951016961,15867.025629188734,-6.02894493334345,0.298470640889574
zonelouise,1492995,16021.753481860482,15859.826073600507,-7.753881644981117,0.1641741118182029
pluk,12111972,15855.613288233682,15856.990906519079,-1.0887137908036504,0.06826727927057102
A21,11198996,15752.354651559117,15850.53757436105,10.682945310115342,-0.03762962356036772
alfiu,17724014,15729.350712825017,15847.942728229556,1.7704557131719652,0.13439053334389717
Mlaw,3126596,15743.2032836039,15841.379592738213,-1.0532170537780234,0.11705685693105237
Phoenix98,16864309,16313.587088274218,15828.890516266332,-10.287826405478587,0.3459708251514511
NYASH,12976255,16449.836199751277,15823.76518185992,-15.882829838461603,0.3200260702822726
Yseri,11159039,15781.699754497942,15818.148824051057,-6.83452120574497,0.36384969085982044
makux,13733307,15307.958376676268,15815.01745274518,20.077903889057605,0.01816026227025504
sarboggly,13304804,16297.89224738887,15806.549288300537,-9.140507893164846,0.2045157936717682
CosmoXR,18414466,15600.715120286872,15792.625359531146,1.3403575440158055,0.08212929370580513
ozbert,23179637,15356.13848250729,15789.476685957297,10.973951087414752,0.14393228503698885
resha,16866418,15455.654286148183,15773.023433246464,-1.627190493746732,0.3164581770858098
-L U C K Y-,11875189,16237.854308463691,15770.611288681579,-7.105793368764154,0.19114426847608132
NathanRam1918,4734703,15201.713637055791,15747.53764090383,5.458045361680167,0.2286772243397889
8581210,8581210,15975.471142987111,15733.87014005926,-12.485301471898328,0.34194413382049055
bob man,20263707,16019.193218327111,15729.95789701458,-7.981853145208378,0.22032770258146872
WhatSkill,7371294,15184.452207949036,15729.439906649473,16.658301118683173,0.06843198916114683
cyo,8195473,15222.515668837317,15728.10624553867,21.73087628770462,-0.06630565024173894
eloj,12389546,15835.246419199008,15715.65191383198,-1.02107640184508,0.18268796687047423
Sp1cyy,22710559,14804.532575132913,15710.810346206224,24.65138190281692,-0.05557818299054601
calebshucks,7959945,15667.597538024103,15706.715898772864,0.4980802141569325,0.28921498568218035
maxim,9459674,15483.272250059465,15702.767664244597,0.9825365087984926,0.15345284611719012
Xaver,7410343,16027.85441751408,15692.382547037034,-17.554712868826684,0.33615381213501844
papercandle,12353810,15701.6026826983,15691.138823940346,-1.868587933758788,0.1252944279546803
GodRoPoNiKa,11195861,15635.381172673033,15682.683482155968,9.233336720850975,0.15667161699140358
Kluchen,7961288,15159.562600465706,15672.523500412432,-1.0538709468843637,0.24659243857274724
Ryugia,12378737,15746.655039369823,15672.304038121858,2.475868843953781,0.012472810437222322
cxyd_n,12699987,16445.66139920987,15636.594326418111,-19.29327896683721,0.4061546254909304
Seviade,10954912,16357.828281058812,15621.610280225952,-17.905439853035244,0.3884366268777284
Skillertvv,17673584,16318.71995123253,15620.044491705865,-19.54822654554454,0.403041581844974
Remirakk,27758743,15523.791690324204,15616.126753778204,-10.980639317175978,0.2598450563705178
bocchicookie,6404488,14983.938470215355,15589.341749365683,8.601192818732446,0.029462415040663964
Hy_Ping,12048368,14376.925019040104,15586.559308599171,32.590062730979874,0.024149197401805784
Asckar,9650310,15858.69322065036,15563.980551842555,-10.820198824921864,0.2801103267813934
Yonannas,8769858,14781.947665991413,15558.9766533999,16.704710381472225,0.0472382036445666
Akuma no Tenshi,21811804,15803.536842027139,15556.71448167328,-13.495475438082273,0.34493489615851436
kusuriya,6387149,15058.13964753937,15556.588014703264,22.5884206103724,-0.05258373686452942
shime,11558207,15521.942701808819,15555.051005448151,3.0036303373722717,0.08604091891942085
Pabloniichan,17117482,16354.408739560804,15553.250148637488,-14.448253176593953,0.345349288078528
815,13618032,15166.86546243662,15550.281163610693,10.45584782549382,0.11000045649692407
crack smoker,12958376,15950.244877711633,15550.046223051551,-11.559689454141449,0.2706298622263876
SL1PER,10199538,15363.500301206419,15538.6830152515,5.875623514025181,0.12202821240548906
SadnessWillSear,6591496,15240.574694834395,15535.103169302167,12.564071433134506,0.04455487973905911
Viveliam,3506793,14966.622247545001,15532.37379655301,19.115603882035344,-0.06505629386903178
Aireu,1650010,15440.668524257939,15512.612872794916,5.49184153592135,-9.795870332422574e-05
polski1,18131614,15924.399593009817,15500.154266837664,-5.3912060549678325,0.23836131466903404
ronipan,8359561,15542.57549740815,15492.466110575151,-7.907098027493918,0.20437869208790516
Xemtin,18897621,15195.14802309311,15491.38961657742,11.762767474611692,0.056825551439577106
xymbii,10809844,15269.860558466597,15485.841292820745,12.804552325282465,0.09096959193887763
Gurbzy,12970596,15398.412969740886,15483.45288990632,-3.982927830615613,0.1911545526413014
Hatted,11919665,14535.76517506966,15480.470686584298,33.53140653637947,-0.029818077789786686
ILX,15743842,15320.974020878299,15477.342374002485,15.688481072416735,-0.08231272679703394
Failing,7587734,15168.4264932926,15476.010829549457,10.016105220684047,-0.06453914967619026
Sherbet,11800154,14798.048868744681,15472.498309132658,18.383325650952173,0.02224043255652341
Allegrissimo,9052194,15220.424734028142,15471.272318872725,0.13564325986554424,0.07948601163566364
SrChispa,5455713,15213.811825089437,15464.56729050654,10.664624313484437,-0.10794603481474441
Jakson,8788058,14961.783805466417,15447.41559373777,16.170527818263874,0.008888182299906176
-ZooM-,7728757,15479.616352726518,15438.596796668573,-4.975323074115949,0.20112219022266925
shiroude,12479148,15334.80586782441,15436.55086599492,9.415020116358873,0.006081879242834121
Epes,11351654,15746.550607239493,15428.712457540065,-5.506307273009701,0.2018257992934166
Cheyne,7818990,15820.54544625427,15420.64709176468,-21.881491791389266,0.4241810789252143
MYKEYBOARD,15567583,15451.771211971036,15419.702367207406,-11.296135682606232,0.3099194596492356
z10a,18153252,15753.22857845835,15404.427248004411,-17.79339883398627,0.4098111429938387
fuzzyu,21958501,14955.742411313993,15400.451079818084,3.041954702204995,0.2049255737305233
A L E P H,6735738,15401.255795119747,15373.547216347983,-11.381672064021313,0.3003956827816723
Hagawobla,11509631,15290.743346087056,15369.479928211655,10.466503240899556,0.043666407550496854
im a fancy lad,4908650,14914.103768122995,15361.240880331117,26.178612353969996,-0.05401813740030567
tonaltwister,14494895,14603.304982128637,15360.261579034168,18.044748569230602,0.07551874659743371
suly,7806847,15642.40684492728,15352.347256364506,-9.68700726077089,0.3001003071797906
Kelathis,10240089,15426.346068443781,15345.609969005647,-3.7931876856216773,0.179291691927146
Chino-,16117538,15336.12871227139,15335.623646457956,-2.1493362305375534,0.19548289991196452
Kepler,7631179,15235.330635284037,15321.840911188645,3.092517850221035,0.06930329738583092
Rebo,6942259,15527.057876129378,15313.637922463764,-5.9848955143600255,0.13750641484975992
khz,9254536,15271.664872655489,15300.15089379561,6.812554122989016,0.021789843457031895
HUNDUR,3145033,15363.684035008433,15297.135138366431,0.6753093836014886,0.1495424591331178
dlwlrma-,7908994,15027.825973650455,15284.222513606906,11.56198145602649,-0.06374213559832692
orngoos,20250190,15625.045296943392,15282.654229098414,-2.5079497088816356,0.09518416026626506
yadon,6922333,14706.009045404995,15254.672891674312,9.835841516792602,0.02584820064877484
Ahwokn,19469420,15312.143934744943,15252.796213781687,20.698277900870206,0.00048462637854318686
Sawitar,10746970,14762.93236988583,15250.233630196057,14.543494258054796,-0.13992723783859864
Melvr,9211924,14914.297687239792,15249.495891199991,3.871996294686535,0.13923312472416313
My Angle Okayu,15908405,14783.116460832825,15249.143913915255,9.912414188015223,0.17589454532176382
Happinator,11596326,15737.20296008166,15247.797257522618,-17.55933506595038,0.41045503579685494
Xqeer,11120124,15618.513290706438,15246.89851240203,-4.957887184558099,0.23241941016437156
kurtis-,5477343,15402.49341776707,15245.245650760993,4.804874356199072,0.1040609929055216
Flameztear,13207763,15154.790449282178,15244.322491506142,7.917902725588837,0.12730689178993454
angelkanna,10196805,15007.53454491435,15242.165309642081,10.693491437605362,-0.07318832319480478
Aerora,7440783,14682.161329383209,15241.276090545825,13.967508590086945,0.12486259573806865
Hera_,8766780,15061.748138919304,15230.963328196518,5.530887634136459,-0.006907685806075645
fedoragoose,2323131,15372.28809299094,15230.203261147533,2.8645648994538657,0.14866624792403504
suntanCTM,19998548,14839.342643215527,15227.07242473694,11.616122959916972,0.05900104222399217
nixie,11424586,15923.335734461269,15215.098292041323,-9.384874294820547,0.19596548098337258
coughing baby,7611178,14895.947833200291,15208.12240532025,15.24365022025737,-0.14616797442285154
Stoof,4916057,14879.943468519383,15208.103742484273,16.206093115753756,-0.04165481242521652
karomi,9331403,15339.775774579852,15204.362774675634,-6.951613001841525,0.18795161138316593
Aseridan,9217468,15348.848243558761,15204.259133650297,-4.677878010641951,0.1710442320619735
Tartis,9513980,14804.805292307892,15190.3332037108,13.118738856901482,0.01565631693313573
Bartek22830,6404027,14560.193818669883,15188.78342468819,12.602525766265776,0.0274801140738201
Cymango,19256705,15905.408928399165,15176.622267660674,-11.44795431247617,0.3452048063676675
AxewB,4928776,14903.445529187387,15175.761144935079,16.80107476347769,-0.07019390910412981
Emilbus,11141578,14543.227992522807,15173.992430389457,7.798347239828477,0.11656933139776747
Jarran,11417993,15462.906085977433,15167.122869742854,-17.322773989156637,0.342417404397118
JackPaX,11226645,14949.006671177578,15152.710726536958,-1.4804066169429178,0.18616342645137698
riwoto,18112324,15234.069887749176,15148.591099197689,-10.846206950601351,0.3301521933204375
Rinnu,12179012,14681.302053207693,15144.765070299834,12.189652610338067,-0.04380104456170837
nbob,11538636,15478.305108734437,15144.649405911789,-4.006262908989307,0.12296796281001435
lowskilluser,6567297,14805.432401895006,15143.68177986739,11.8464814824891,-0.00015997879852585538
honque,12252724,14584.135539388499,15141.380725666302,31.092028799540728,-0.0018278615147800114
xep,9203793,15418.349712406087,15137.277764563994,0.8663049912271265,0.13195112130386943
justman,7657831,14880.89717326188,15117.954463387437,14.480201220585009,-0.042194167406788045
zekk,9704802,15194.479055217957,15116.720214026784,-2.3063457795104862,0.11123194413125975
Dustice,754565,14637.287685837651,15111.932192950748,19.77848298554068,-0.12620875413813076
Rykic,12667143,15548.00406805684,15107.443011119603,-15.871468588228414,0.3180968067839155
SanyaVsunya,11403899,15024.054405674342,15100.973892875101,-3.2028320643497135,0.2411615918592483
edizberkserbest,9256771,14824.505419294886,15098.877887184679,-1.750359705322004,0.10845376517329929
MiMiTooU,17462509,15528.24463439557,15091.479163389791,-16.31909689999156,0.36774064563035935
fallenbtw,19827029,14700.006028941196,15075.864024955947,6.976810190943549,0.04331160665994583
Cappy,6668666,14729.16866847683,15064.395985234689,11.491175548383785,0.08339521678813855
WooperFan1,10145502,15188.889873120059,15056.926510814805,-8.338927455147365,0.19809867256503433
noncycle,12701607,14573.41012563051,15055.041268701429,20.5180880587278,0.048792188037958574
Tofy,11113067,15649.398143620265,15051.609366552868,1.3468626498200387,0.2398111474357732
hearts,13006426,15055.194987247918,15045.743576996236,-5.144724428479042,0.21843560462793188
Sobu,13872272,14968.183543394396,15038.602478489634,-6.889305855764605,0.25714571603582814
yodeston,15556397,14552.3881006085,15017.613788501685,7.2596796280502005,0.16639706702339224
Sirboks,15734664,15122.071589237095,15011.463174887993,-3.263637936966335,0.12240475485394642
cenise,15135237,14607.326274383071,15010.734498907139,2.4291370302504016,0.17478497303779567
Yezman,11548737,14775.918565067224,15001.457015906237,-0.5617518719684369,0.22037564231700038
Thundur,4141918,14808.913546226466,14999.660166767004,18.360607437880105,-0.045859433375222025
Zentoro_,12118967,14702.240573402813,14999.444631004375,11.34061737455907,0.02158981816270269
Relixto,16338421,15398.357261966898,14996.003211893896,-14.89503349191761,0.31216678126854286
lolowyo,11692680,15207.265910122318,14995.92588592524,-2.9508209914392443,0.11823204470493495
RandomerZ,15541726,15554.007105441082,14994.757853842675,-11.986069864273354,0.2886247711928047
r_kt,14633196,14623.068627407347,14990.685528651116,8.090873421170276,0.008855491607169896
Arash,23417038,15166.194009524894,14979.629573219818,-11.043377127342124,0.2893777812608446
pundice,7940696,15143.254067302078,14976.841103882203,-5.5659327438937405,0.14856577057153114
Fjell,6951444,14625.357355160153,14974.268594668354,8.464637261261236,-0.018102424896514854
-aico,18371932,15036.854499047713,14973.935097893267,1.3941907669367708,0.12181272363115575
-hayni,25417051,15064.307919481736,14967.79276966867,8.783320878693853,-0.04781092563740229
FlySlime,3876402,15004.374478524498,14962.769305796,-8.931323735220003,0.24236348256885307
anmear,25927812,15527.028030740868,14961.096504907471,-8.92003817689155,0.2647605272987177
Nuni,18357552,14604.658828399814,14956.428877529945,13.967796899791038,0.026980088764558544
Bugha,17999723,15228.268958266879,14954.207948136489,-1.119123681145868,0.10106603900973646
WEEEEEEEIIIIIII,10572078,14806.862398403013,14945.014734656976,10.330402286531125,-0.1018128146830447
ruirui,5423872,14969.764962699213,14937.865118602065,0.5553022229681597,0.04084137468389067
viciobylike,18922516,14728.08742227377,14928.378545791986,4.6623356673596605,0.050328922690599624
Gulbang,13783044,14723.44466662735,14927.399597807918,2.7600146644565906,0.06353850404037376
vljoy209,16870029,15480.66207319275,14913.536697227928,-14.308763846230494,0.33297668111820755
VITORSKULL,10223298,14982.648576827438,14912.687850947594,-2.7437274238009035,0.1694057499285202
ganjanov,11584075,15234.462340958413,14911.520970292351,-6.9531298727806465,0.19790479986200843
lolkek278,9915885,15238.849139674545,14906.318348797598,3.060380891846797,0.21417474923834992
GNX,10069909,14876.850044189809,14905.74738164927,-0.08621728305480246,0.1179791489187288
EndlessRhythmic,16844298,15188.496225306726,14905.37756877855,4.5804229024012635,0.13444731291939183
Saymel,11948617,15163.88699635849,14898.514752557676,-8.899339572532808,0.23131228445582136
Stunar,8682683,14551.52236753263,14876.294981879066,1.8347242121505907,0.16236508282618556
golem de caca,18323396,15260.905175380405,14863.0958566942,-9.218146134790436,0.18836300367242814
DOODOOGHOST,13571078,15090.848160223231,14862.17039174674,-4.901015790717664,0.23095623210584373
Drox-,4309566,14669.870515218781,14856.214939637346,3.001355827209969,0.06753475207661518
-Spartan,5783061,15055.295617642952,14843.728025280661,5.692276502896499,0.277558188692671
Hifkil,4301976,15122.481816921323,14829.42040765956,-1.5233196113741474,0.1951330740912044
marcel7,13062430,14814.309795612033,14827.750910941168,-1.9786152414915705,0.15545129666081356
Mac,5496627,14827.358192416963,14825.94916949699,8.816232440300212,0.01401679485472368
RafuNa,11481765,14538.690802256735,14823.442390180877,6.694708712221296,0.2278430933805573
Mqnster,27672816,14725.5904403395,14823.046147694626,-4.07370843073341,0.18865627547145344
Dropinx,4687701,14585.91942009985,14821.639456778268,10.424914125938594,-0.054185746456636326
Niali,11410595,14548.249049196282,14816.637962852767,1.2244520662139018,0.16234765708212934
tas123,25491754,14984.75829234921,14815.981009003783,0.39223895433278017,0.1631787294510446
meridian,18014081,14599.307715015664,14812.361295238867,-2.413474702180931,0.23731216592887278
Eagle5324,11987104,14762.73150140731,14802.40922094156,3.679233571397438,0.006141120635352097
Rizer,5155973,14649.898548296169,14791.284510380776,2.041705221869514,0.08690008734164234
Camberos,2553519,14873.068906531105,14788.199758828072,12.112543238404212,-0.012744698968032889
gheanfoil,13596160,14880.823724326892,14782.996368980215,-7.296265589050287,0.2605126560009596
Taylan_,16395194,14808.026171758285,14770.681645671446,0.1085298688137209,-0.01012982527982113
redbaby,3673698,14583.810569779122,14751.49253120202,18.814003616459637,0.06734644886851832
Tonttu81,9682576,14868.23146180959,14703.656737330377,2.6531024044964306,0.21541907996397264
dnfd,3189069,14603.406643445014,14699.472632015888,-5.258969294512789,0.23806373969933659
Mekeyo,10270787,14871.674078070353,14698.74075755871,-1.4276126170844168,0.13219805704870408
Seiong,7341471,14656.926087295933,14682.282902088124,2.374066062785421,0.06810192628062112
Toy0Ta,13056953,14668.782516816082,14675.69898709927,-9.751026272314231,0.2714016920741156
Belladonna,11758404,14951.195542139312,14669.808359114355,-6.172893979518823,0.21140895970440418
marwin,2944449,14538.834675985452,14661.662458507542,5.794106851578587,0.029215548302997493
Ryzeren,7790974,14643.320554863107,14653.163607512799,-2.9282929424460202,0.12305787628789823
-Petar,9106690,14647.773216879783,14641.621707730103,-4.086643351734864,0.13439725056082735
9I DePeBO,13470496,14958.577006171832,14638.330095339787,0.17474569085240318,0.25333375420480847
Hinamon,14017762,14920.68718792615,14622.466559221139,-9.518033650946409,0.21634402440928283
xadrr,25964641,15060.606832141015,14614.925131710039,-15.73166623691913,0.4021603977051152
Icarussy,19526828,14586.37330537896,14600.77668695215,0.9816402598528942,0.24282847752958767
nobully,7469192,14679.568925783018,14578.511827208502,6.389756031381381,0.05442974085167558
ohtsuki,13510304,15220.574782553484,14571.13594204948,-11.955481854108573,0.25776157287040713
octik,29076626,15078.317635308662,14558.769103258874,-3.9191037890774125,0.24130247837744823
gakuw,12420904,14821.778527025517,14519.81583133794,-1.9988060199942368,0.21050373870600492
villix,12739835,14484.622664829698,14437.451645707102,-8.377144534888766,0.29762899160162365
i suck LMAO,22316482,14801.31101600397,14427.965815173702,-7.588663539754541,0.19395680421524739
jqp0s6jk,17649390,14878.540568497743,14406.696973478218,-12.883856561265894,0.28568341584051676
Isak-,8702650,14788.928959173432,14392.8313344587,-4.361693790393514,0.0846779145175069
RafeuX,11553201,14756.130278715591,14315.235399047451,-11.42885563583482,0.30067155241930343
F3n1X,16083856,14815.513393296205,14260.93854062241,-18.63894859086182,0.4351042445095697
FlipRopiik,10806437,14757.989187350073,14193.49355640061,-5.956928668522802,0.3089947405697756
