Player,PlayerID,OldPP,WeightedUP,AverageDelta,AverageFactor
mrekk,7562902,31000.824525882832,33202.19638024431,45.6532111212023,0.17248050641278423
Ivaxa,15406985,29219.920483606358,31448.658876994734,45.36744333206027,0.1909809060036775
cryshina,14715160,29609.76872731016,29874.361727251122,9.676326054376464,0.36203576182902575
Akolibed,9269034,26910.61788166994,28108.118682420893,26.259760462441662,0.23942684315039928
lifeline,11367222,25033.01709733155,27393.434513611643,70.57116623930277,0.0797392956941878
NINERIK,10549880,26200.627334830744,26966.06171352404,14.829045207436796,0.2802665245275053
milosz,13108233,25587.878817868062,26699.77009660573,32.089812871795615,0.18532014249759268
Zylice,5033077,23876.384255988436,24233.10230344763,5.752857650370687,0.2832050811071952
sytho,4175698,23801.21901343748,23989.90213437165,-4.525159068396882,0.33659474746704704
gnahus,12779141,23044.06098687887,23868.293113412412,14.60795024672932,0.1653788453667499
NyanPotato,13211727,23383.93432228175,23729.043961519885,-0.8417731408970133,0.2383547190841568
Chicony,5199332,21912.453605160965,23672.08815417996,39.90803097013382,0.1983486098525578
killer2007,8251785,22629.553907614307,23261.130124951662,2.152387642715795,0.30247995737462424
ASecretBox,7341183,22184.832803805297,22808.244891799768,-8.333374838208826,0.41094131205527973
bored yes,21207816,22613.26554680777,22469.077592454232,-2.7418231932630137,0.14853850164710405
jahkon,12137295,22932.361865620944,22284.70393560264,-14.55666440667577,0.24289417303376099
cloppit,19851850,22053.859212304378,22229.45246523381,-4.751993594207271,0.2595190711195252
PLOXARU,6404583,21744.408551526096,22224.120182275256,7.585121426314876,0.339615387688015
enri,8640970,21202.22163214038,22212.714079266658,5.7795191997759305,0.2966223533541276
superi0r,17235399,21813.788393720475,22111.500608509305,-19.882461727041985,0.4821633940933423
JappaDeKappa,11496364,21897.560906910432,21908.20530299632,-0.38488328761268237,0.21154982901618635
ChocoPafe,8856806,20358.166356920876,21390.6636655403,-1.0931314782073083,0.3291928559505871
ferret irl,6725771,20928.887808646647,21378.13407063396,1.934763631834188,0.34392096242528813
originset,25444680,21502.532655770927,21027.338668328295,-21.003553601729678,0.4132055395414335
reused,11626318,20694.5689131776,21026.670294041745,1.8350502118231713,0.2766626838268727
cloutiful,9970083,21446.2775515796,20972.913110784106,-8.587096731286872,0.1800601973017002
MALISZEWSKI,12408961,19315.673834747293,20970.881202701094,25.875253186268615,0.201517493366426
Kamensh1k,16817965,20468.857821619193,20962.773157808806,4.168127988059481,0.2336122937560499
roaz,12834269,20878.907249289372,20962.530527458624,0.758525916209818,0.36978031678500634
Plasma,10077431,20403.90437857707,20835.506234165612,4.510237663779544,0.13092112698153607
freezes,15296720,20477.959341899925,20827.095301139016,-3.4797588316027044,0.32849659085056226
creator,13962152,20819.167124308475,20690.05773117286,-2.429127971799445,0.14810408393026442
aimbotcone,12952320,20011.88592376741,20683.72030112011,13.658635573122611,0.1656546353882806
Bonk,4209965,18435.307487037273,20574.175814600607,87.96674048272905,0.009297240682722302
yamss,6600930,19398.111001820394,20571.888658865515,36.69689034688891,0.1476928941257067
milktea0019,9642774,20571.554166217025,20549.73810765684,-3.5056173753594817,0.21252238809893625
grrmondays,8816345,20733.633648382383,20541.86445621465,2.1060272638384516,0.12087955584296962
atlas,9074780,20052.668711185626,20380.787959823516,10.38708856738998,0.2187710704691415
Saiyku,13767572,20806.25460713406,20286.790690930527,-14.435964563783946,0.37494565713044964
WindowLife,4108547,19450.393073209285,20253.282200271922,13.45871884314527,0.1889022490331346
FlyingTuna,9224078,19651.151995824446,20250.863258864945,4.875736109937414,0.20723326421514923
aknzx,9938943,20569.54567984798,20149.603784635736,-18.94275416709909,0.3764180289960008
Mathi,5339515,18614.782451570714,20096.83510270825,17.75566353690066,0.30352575585653874
Zoxeim,13051015,20386.240267014753,20034.020049511313,-15.806686094710308,0.3928587496891767
Dereban,4882979,17856.84538125797,20020.2266077669,67.98552534850685,0.06727075962139682
smozhen,12873118,20187.341338466646,19948.772878561485,-19.90804304929697,0.4415300425451906
Tsfury,12258658,20214.257097166235,19894.599867012585,-10.851796379774127,0.33363048632714304
z9a,13057699,19075.832648026797,19868.174022977433,3.9232844655222925,0.3572891341900537
OnlyHadley,17730661,20573.025726949196,19824.65026668857,-21.347854180033984,0.38846313711039754
worst hr player,14106450,19271.353400503816,19808.68889981729,21.653390664864943,0.04235186267955822
MINHOCA LOKA,10651184,19122.560764381204,19674.744392432058,3.8916027137166442,0.2104895471255797
xootynator,3717598,18575.346231885705,19620.125054581622,32.58203654317539,0.013490275616969161
femkitty,8356568,20166.540756719,19568.952692444,-16.63421356967768,0.2943799184102478
WhiteCat,4504101,19335.24400329627,19562.594859899407,16.165830013976944,-0.0017264448192209315
shimon,7525949,18953.928687559488,19556.732453173554,5.508874418580693,0.2596609789163015
315,12169267,17651.467309388656,19504.009040183435,46.55911537805021,0.193163381826599
haxor,10933605,19528.970916064834,19498.48954554117,-0.8718815388234838,0.1586642546401226
Intercambing,2546001,19249.722200048887,19439.449481444357,4.243593947533115,0.18827208253737954
budge,11592896,18641.539110246373,19383.94034556448,10.649684150062155,0.14187257755378746
Gonzah,12434652,18283.919413140804,19327.795060534158,25.94922610198874,0.1984153142220063
PinkEyeFan2013,13609904,19040.687077673723,19264.74188331975,-0.386310292132498,0.23899262100560456
Flaro,10323184,19168.51789899723,19262.26989463177,1.5169560654681766,0.14627979560115195
Yseri,11159039,19310.218367034096,19227.28730253927,-4.468866136187144,0.40785426927906926
[Karcher],11443437,19975.725455675798,19177.27323845533,-21.274718576362684,0.39433839324761183
TTv_UFO,14676719,18018.54672355453,19167.016953017057,21.7117766365413,0.11045833907191654
FGSky,2094566,18489.341160418124,19023.185902124467,12.224514083962498,0.06033222192268018
decaten,5645231,17463.551620313738,18964.330904002938,41.20748978765483,0.11709764948234751
bunnylikemoney,14215850,19104.69208077293,18949.098525039404,-16.90756273649321,0.4211012297558793
Raikouhou,8007528,18807.55515486007,18941.37277106827,-2.957743270035843,0.2427999609856823
rektygon,7813296,18529.646188825584,18917.950380672213,3.4448935127862126,0.1785605253391602
chocomint,124493,17844.25094421646,18913.727556352696,48.690687299455824,-0.0018665356507751318
yary,13300203,19016.04294072607,18898.115042031735,-17.362336372017857,0.34337000874007034
Pablohh,10092099,16762.37242676594,18829.05502089998,73.11610324224306,0.02478521522278056
NaPiii_,9849451,19226.99805820173,18823.04962400645,-23.192283091776076,0.4888053742816176
Zyntex,11806306,18402.63149186163,18789.118222479294,1.6505473717911263,0.21080550435247059
Shyot73,7918057,18589.84779815248,18779.989186950304,-2.461471864209376,0.20625368930202115
Suyong_,8799923,19170.329177226246,18765.59579609434,-13.541557492661736,0.25498373958112414
kazamabc,6937470,17707.44246210842,18757.373067830682,18.542147612530812,0.1294365010673384
sakuraskip,11829390,17366.955747054068,18749.18975387792,18.471463583117664,0.20656120336365777
xan_ly,11885405,18788.54843541834,18710.211907126195,0.45708809433951275,0.23592282707244724
Egor,8868635,18853.476273688993,18705.554662130537,-17.035713090242467,0.33436810209315376
hqshe,2675255,19195.091694825136,18691.545015509262,-16.311107000799897,0.3162826517240161
majoreh,7959222,17701.189103701457,18689.139462029852,26.132536957119168,0.21016529206769197
Freddie Benson,7342622,18651.500327789203,18661.296737415352,0.6024252721670313,0.1245412294654756
thank you,14097024,17534.51407795879,18656.54200534301,10.343941252180334,0.2766563430420009
Kurumiw,11415687,18519.11570450922,18651.195074882235,-4.834197259446333,0.14643070231470248
ur cute,9993348,17976.550913116105,18639.452216737813,6.0555870439249455,0.10641799202291502
mcy4,2165650,18955.403581028324,18631.490313181203,-7.423643836108508,0.23138136866811607
Mahmood,7627844,17279.812641635028,18624.97574248309,20.919727166165117,0.10618084793391523
gwb,13216706,19065.93183450507,18608.016278100436,-8.899993591693322,0.17405806758874567
Arnold24x24,2291265,18403.519401295784,18581.504553046536,-1.526923153904404,0.25716852895355324
nehemiah,19072684,18959.810264404172,18564.850675054597,-5.184456289186593,0.1933138506264146
Utami,7512553,18441.278031271406,18557.486171874047,-3.1559996850671292,0.22560556503165408
puppy,6304246,17803.887902838458,18555.262400083677,11.012624095238593,0.11417363484906665
Dever,16320893,18280.51124253414,18520.999604055873,-6.907674554515936,0.3387453150165961
Shirosora,10613549,16475.731380139892,18437.11640770543,54.6076566198416,0.08444451210197776
Aricin,1419095,17420.1048526439,18430.66268391911,20.112397223477974,0.1481540942362635
MouseR1ez,15119977,18603.179947525976,18419.163025498783,-1.0761609479938898,0.25412180380601246
Welter,11552867,18087.194447876187,18417.93430197631,-1.9482041256456513,0.23621670419232074
hexi,10760701,18089.71070266068,18377.146964708136,-10.781723327460291,0.31778338605379164
Librarian,10083084,17242.3340117279,18344.38031895831,41.87378301497704,-0.04643651103643119
coda,10916561,17578.819828024425,18340.28493631858,20.314180163872333,0.0854215687793825
-bouingue,17104779,18866.17507605158,18322.00198520694,-17.972514962314953,0.33010539142227835
[ Master ],12130906,18478.292162395403,18315.248927041055,-2.4724431963697144,0.14354301329355196
Pipipupu997,20120615,18062.604863829605,18308.546705179513,-3.948129749513513,0.18569144942544255
Rafis,2558286,18156.795315665444,18249.489799155996,-3.481874041956895,0.2001304731003723
EZChamp,1719471,18247.587072040595,18238.768385978063,0.8190244128098527,0.293014618938934
Vaxei,4787150,17841.051987442475,18199.690920734298,24.378402603208173,0.027484226419592753
Choofy,24409289,18885.222376042162,18154.632649723757,-16.35210207093794,0.2603610384154536
Dempsey,6788821,17760.373235479216,18147.69791601514,-7.144650065239938,0.3684111120014844
ciru,6114695,17937.441759839785,18104.778871927687,-0.8613020049302407,0.17708810675475412
luciano,11604978,17557.988313682996,18101.94849702598,-2.709480268372163,0.2767308134823549
CyberOni,16616677,17562.1369115969,18080.107409359807,-0.749599243632623,0.2822187956663175
trumpatino69,10903510,17626.692813563364,18017.02667828291,-5.225147995237494,0.3455144376083041
gamer228666,5981005,18246.285985130155,17952.52907903752,-13.388967421915817,0.3117361764149369
Umbre,2766034,18439.080945708545,17941.188024566905,-14.494504429627018,0.270564068375369
bibero,30751112,18034.45253706579,17927.098020314825,-1.0642748041821914,0.3335092025743078
Bubbleman,5182050,16981.837335993925,17877.72366258367,18.681638450667418,0.10698442807851155
Suyung_,8472976,17414.458225110247,17876.99611563275,2.4968334349608337,0.15801700246064226
MALTESER,5218178,17405.12363000902,17853.25735930824,5.972007489566943,0.20343456077751138
vixylium,12155780,16412.065094512935,17851.212052460593,46.14446134695975,0.015199969462574904
tekkito,7075211,16345.387972270017,17821.459421795076,33.61566682888403,0.056448320522896785
Zaqqy,3498155,16907.803515358835,17812.993476565145,23.771338764869714,0.11610503069104622
awesome sauce,16900233,17313.317727007223,17788.622253671787,10.528628560776925,0.11041444150762496
Zeaqk,14733798,17379.18135817904,17769.68192458082,17.626557998868215,0.05247270448963445
def,21619075,18034.84658700571,17746.13076184654,-10.429412731778065,0.23824098663784773
Lolu,13204938,17066.408290059637,17710.09971689415,14.527732730458256,-0.0007714704824106266
kuzu222,6387149,16564.92291960444,17702.942887846908,32.26209233950621,0.01624921180547229
Weetab,22082286,17918.464352711737,17698.403589537094,-3.6340332672706395,0.1719129946513361
RafaMat,10743390,18033.89117230728,17683.558837792316,-18.354503956901876,0.44055576369732763
9I DePeBO,13470496,17557.29578641684,17681.391659685778,-0.7691631658492178,0.36667232273772243
ratcho,8075782,18060.75294826797,17656.986843922394,-9.726035709871011,0.22595587703780487
Riot,4256461,17274.275860897666,17635.008944603785,0.4600882600532543,0.20498572163146198
InBefore,7280590,17283.890605696943,17604.068837643503,3.8513794144214386,0.15933096622030046
reimia,11243772,17279.22405228042,17597.423277482296,-6.226144543586178,0.37843082582237497
_Shield,1860489,15894.031148521899,17579.203592273185,48.63185441669708,0.08404477376137331
Remiyuu,9896317,18009.7610250182,17571.954049056232,-13.461384595139974,0.3923499260714412
saraune,10354591,17086.750206116754,17561.20340147215,9.637724704412703,0.15773573543223507
willy0214,8660293,17719.711406669703,17555.705832675474,-13.801130567065497,0.4299994058605929
bananachi,17446380,17548.013006192337,17550.572345557404,-8.284033782683116,0.2566512012684704
Abyssal,5527745,17687.758251631836,17545.03748594301,-11.556086547616541,0.37043439274418366
ozbert,23179637,16684.527582153016,17523.015244218248,17.844440736819095,0.19645610260134044
4k110sh1,11375105,17541.854642970295,17508.436372599896,-13.344119179226528,0.42036253032788023
xymbii,10809844,17153.116000220376,17495.792287787983,9.502133081317846,0.17010879290271513
big_tatik,15780777,17578.33395762975,17483.244314594856,-7.646608473893795,0.38526929780694535
desuqe,9712285,17441.222698464353,17454.5285130145,3.22596570037887,0.23112250820546
wuhua,2932510,17624.95620092511,17428.50652710169,-10.928751476231742,0.2519007397053276
YMD,17202789,16455.033810807116,17412.775377213446,25.08554336300203,0.04074058913516796
criller,8116659,16569.85568457228,17411.134045467574,25.48373684470753,0.024645932934039112
clafrelys,15293080,17408.236330619526,17353.69531446588,-12.828796949701045,0.3195390424046133
argweid,11215030,17917.021161772926,17348.822644176766,-11.455624513063437,0.310401629309196
badeu,1473890,16438.495838276565,17339.81691514588,25.522137971167204,0.008783718570287114
NeliNyan,2511839,16104.801864818703,17335.026149854755,32.45718183567435,0.0485799614935958
AdrianLabubu67,11930908,16882.955667927923,17259.645740128155,11.949787834975462,0.13063885158341207
leancat,14573462,17096.50210091992,17230.728933261224,-2.236430274857581,0.10560036024081604
Rupertion,5774823,17011.52157765486,17225.262648845357,6.093716370235188,0.08478272967614174
misha awa,14503423,16004.082934029011,17220.814145222223,25.240779168966675,0.1514120125040869
Blah,12204079,17207.80140671848,17205.90111259895,-1.6292771653000897,0.08346464882252444
John Aim,7724148,16700.111181250948,17192.408795033793,9.696847699773484,0.04987770920412661
Kama,13380270,15813.04123693834,17191.151564623535,40.89160662861621,0.10319072174806475
TrickyPugster,8082362,16702.199631455664,17189.196705173923,3.6758038742976114,0.18842911406678733
KappaMarz,17663097,15683.769653050633,17187.56504526096,46.893907931979385,0.1054383253327639
Hakui Koyori,10717635,16463.586347207445,17176.163449754527,14.979676536605375,0.1541238310253643
Fleh,7780605,17426.236123998468,17152.033453524837,-11.818875186711306,0.32659466048014335
PikaPwn,2012453,16434.29129852011,17137.19559488155,13.266744246522494,0.05873731048005805
-Hirata,10188022,17212.93764590002,17134.60455220499,-13.601975410617179,0.3600037745274543
nase,15428284,16647.34014158449,17131.162460564577,6.13960079841226,0.2672408717654797
papercandle,12353810,17087.829949244053,17116.17901404916,-6.9695651740013105,0.21593423162121797
supernoob2018,11269055,16758.160756363763,17096.176069283003,1.895322654699611,0.11556351022329019
VoProSSoFF,6524092,17153.241204889633,17094.3028640999,-2.9584867706512683,0.17862943973421389
Dreamz,18903701,17274.182023006,17066.599009711434,-8.64009557009628,0.21944277811380541
Andros,9072586,16901.343751412332,17059.779863362743,1.905279060644997,0.1807975809211687
Neinja,12632867,15940.25383132368,17055.69441732891,23.1109577552825,0.05727506825134783
Juh,10145045,17439.066853363318,17046.465708164767,-12.982497113819637,0.27199838826414297
Mastasz,1876565,16717.22280061978,16998.420876907374,6.402526551076177,0.0833537909340076
Zeisen Udongein,7892320,16491.459668547348,16995.537348869813,14.40072704163801,0.06954114522798158
Drxvmik,11383358,17285.630922940727,16951.947069437385,-7.192308445458686,0.14921992305163242
NoSin,6142837,16015.773975108741,16928.73415600751,15.052095879540394,0.14095737617631088
R1cho,13065919,16541.79435067825,16928.04647381556,0.9578885859588763,0.22019058347137097
Kwal1976,18659783,16790.686686557445,16920.423670536835,11.683894909337994,0.24728453763503364
Ledeau_Fox,15816872,17209.411075685755,16919.857110512618,-17.89650892664122,0.381280183449341
jabahh,10380158,16149.897013520525,16917.30338685687,25.4237591473615,-0.093033430615701
fragranceofpage,11399348,15832.368690875992,16912.652635535032,34.24157906961811,0.035618672136492585
runnysunny,15339747,17391.41654460638,16902.73340153074,-15.138730263728679,0.3333311464033257
kyojaku,16270893,17238.859505293,16902.52111917011,-18.368558493316257,0.3858485518968773
haga1115,6574823,15397.889754511323,16899.697702854355,50.25025092727775,0.05064593166674387
monte,10077132,17537.918925962316,16889.11670801544,-16.85222797165653,0.39200364907623547
Rafugapu,13705417,16556.20562236418,16850.728618843892,7.798115027650788,0.17156856550063382
Zentoro,12118967,16852.44893168908,16812.761960738528,7.907946935580643,0.05109109851720087
wudci,2590257,17069.956522423774,16811.167725239313,-14.017285223315612,0.3169320448699309
MineFrostID,12159899,16795.554901729334,16803.90023483998,2.244220901672144,0.24280792200338727
CUPSIZEFAN,22274174,17046.650208943534,16798.939768813347,-8.156134926668349,0.16019193436730056
origin_,15095811,16788.175541893714,16782.336297714908,-5.514134280546463,0.2377443838579234
fuzzyu,21958501,16164.614550570392,16782.00099293732,13.92824655748956,0.16484297101152046
Chamqp,18604347,16654.86255007543,16779.577033927904,-2.306270797011392,0.1361005224520545
ULTRABAYMAX1562,15587374,16280.917384905046,16778.513245040336,7.3274385361935,0.21148525346548003
Jorikawa,11663882,15774.201696530161,16775.092163197507,23.357888024360953,0.15898418147852894
Pinguinzi,9414229,15673.978955020257,16766.028281246177,27.199842524185144,0.05049763790250515
aim1trick,18441629,16937.77216110219,16759.749384012786,-9.325417558750873,0.21851392713822992
Nekore,18946207,16397.516674628812,16756.013316121625,14.153439842922342,0.07935396518790372
Ashdoll,6806754,16012.4191247669,16747.562788691255,27.235944530085717,-0.06767917548017147
Chipori,7027766,16469.72167407002,16743.099990952265,3.666164855249258,0.12347438390660882
Apostol,9902255,16336.080016861371,16732.621435245535,7.726621301937713,0.1346263948046077
Trail Mix,3328742,15394.519610649655,16729.20354583559,35.19636377634109,0.04124350237592931
big snag,8181420,15260.250696133986,16725.196771571857,49.404507150490005,0.02072832657041249
maxim,9459674,16322.002404745279,16711.596660365343,6.751008957951037,0.15298761515680132
sharytory,16139008,15502.615692666779,16691.63904915702,34.62662027521771,0.022957236406609315
SaintSFT,14970132,16397.47348559692,16691.066085890565,10.629157207995386,-0.009358580108087766
Thornnn,24371637,16956.71035051577,16668.756349292806,-17.808329017379503,0.43603998921368187
Cole Cassidy,6787940,15661.976804723907,16664.59903754669,32.15128683883793,-0.017820168111427667
Stixe,18351160,16186.861448201857,16662.222147424858,7.461189344600296,0.09142444932175536
lil bread,14992852,16731.101907011478,16658.507919138196,-14.953605866512616,0.39194461466771946
Alfiu,17724014,16268.016809107825,16635.50240131793,3.4367659636613586,0.1697644280515415
Varvalian,3345902,16434.849028567925,16614.142753640408,-1.9775443043628922,0.10670834835531538
synoxa,10333154,16939.571515628828,16592.526999284364,-1.6954136256939352,0.16234256136460584
Nongsa,2572468,16276.878628570013,16589.788944514465,18.660039118101796,0.003339836236686229
blobnom,15843402,15520.723156595604,16586.968349050458,30.435790350061882,0.05723967871528137
MyAngelMiku,7025429,16255.224627394738,16558.388807924453,8.565530697066373,0.051714086115533985
_fefe,8133880,15645.946656930779,16557.18680947232,8.09829839158366,0.2092430587646131
bob man,20263707,16706.7143890349,16543.582632093043,-7.332336368283332,0.2008159240623408
gabyyy,8481621,15868.573612576829,16540.824242654675,10.631509643366304,0.1445984714609361
Flami,3771576,16555.00055723012,16526.41942395181,-13.31960507325883,0.42913473649852873
WakaiYuki,7883418,16355.429610713087,16518.055515462027,-3.7343549729885708,0.2240624435777135
MightyDoc,9067591,14900.813078140676,16502.45733174901,49.50095015645931,0.03139617822359724
sylriu,12637617,16472.59853208635,16498.765599657625,-2.5842439507677932,0.15979861776311924
T A K A O,1334384,16286.936364945872,16494.505559793357,-8.991044342279583,0.3623401838530676
Tutel,12241010,16496.787054946995,16481.340132599045,1.4659175030510017,0.17481495449109052
hsk_z,16085078,15743.090086803752,16472.160884199307,6.870062969199271,0.162847824829432
okinamo,3765989,16045.63510722995,16467.00492624681,15.861702737550086,-0.017215451857528395
Exxotl,15225729,16768.70059572047,16458.042973229036,-11.14172731442489,0.2316625250855883
Jorlando,12052880,15091.328668144688,16437.806602340726,29.86336749704937,0.07801871989050403
LordGabriel,9227895,17134.577683191972,16429.662491285897,-11.332383634629709,0.2781054692763052
etn,4581069,16319.477066555142,16417.02940856328,-5.985956138450214,0.23044997705208187
Paraqeet,9942252,15128.283317891623,16408.20090984469,36.81978609370639,0.014899221716331042
Tofunim,3893786,16301.931015239337,16404.72884037913,0.07227216735045885,0.14068007471887434
Mike Tyson,14764185,16657.743593627507,16401.47535713673,-7.939303718112272,0.21952599951684637
BlancPur,2768421,14969.34086944632,16396.164848744364,38.58103462888781,0.034577170705927945
RektNova,14869187,16050.90270379214,16384.996933769846,10.5507026569365,0.18975571584061118
Fobxx,9747255,16628.528235390902,16350.525951282341,-9.544946654399679,0.3105299191272892
Xiel,13266755,15385.42731214644,16347.327267728417,26.47495420153348,0.042344422570133974
queue,4787223,15327.139494569772,16338.596019446064,18.33698973054451,0.12972535737456423
bsm,12366071,16124.435761561344,16321.199126633155,3.738278556604911,0.04452581821162918
Teacchyyy,7178423,15504.466091386235,16314.289588113323,16.66095075382524,-0.03305044676366275
Might,15574234,14863.252438662816,16309.592811615466,35.63316182924126,0.0575039920628765
JapWhite,7068158,16693.27894303504,16301.610636899453,-5.314802367084044,0.17527638088427153
HaSappy,11518376,16049.6983067797,16293.184854625732,8.581699546307888,0.11692144184090121
Akuma no Tenshi,21811804,16680.457578385052,16292.530302496452,-11.56346005410536,0.27946936512034226
Sheena Ringo,16864309,16517.52358348065,16286.735239818077,-7.687622673240117,0.2924661707426972
Master Oogway,5319959,16007.488550777778,16286.24626086341,12.31208487981845,-0.08985783232158809
onetabby,9508109,15298.180537001239,16280.516870271096,21.942533959801594,0.1863251089540754
cedru,10162611,15866.82000346301,16273.428344923554,11.954856770243477,-0.0383837816572834
-Din-,7972980,15726.487765761867,16272.114953165956,14.78711964657777,0.07439432822804948
Salikuu,13287112,16696.868951062857,16249.390496252856,-7.75636610131437,0.19554190539306546
jixxi,11652827,15554.801855318385,16241.731826810279,24.06488850079105,0.052546999574256334
idke,4650315,15453.27187539906,16235.021051668671,35.67847402650422,-0.11680346673883077
flayy,12069464,15084.070292285358,16231.885383720493,33.738007529497644,0.011785839794325504
Skrowell,9694263,15828.687773547017,16220.483918803206,1.9978026269124711,0.11033023094063309
stars,28071599,16323.411930839893,16210.075704264178,-1.4274209894078398,0.18294420296837002
Red_Pixel,4170932,14864.248336082512,16197.960032346966,45.41050954267209,0.006965268914398041
Meow mao,31144837,15964.414818157718,16188.811059734813,-4.1908522085051105,0.17477690429884962
cxyd_n,12699987,16650.504924945682,16187.24021102986,-10.866320333239058,0.24008272211116338
Zoomeree,18802561,16331.004557782026,16183.031420622818,-15.442960016924097,0.38134245911213954
Tonnisdk,10890712,15919.14622825345,16180.655699052968,6.567706216856482,0.1689545697770826
Reedkatt,8335950,15960.434409257985,16163.319224611336,10.591923013217174,-0.02570491735348681
Aerodite,11828209,16929.876674859035,16161.782284058068,-18.77126063659956,0.4099707696785977
Jemzsee,11553627,15841.636252188639,16154.2515874661,2.635913913400858,0.1576033661382593
zoomiee,12482926,16195.76270569534,16145.206002129136,-7.278627702751503,0.2618507665076327
Arash,23417038,16609.435247185495,16135.550635768333,-7.407482068774615,0.2567508115216072
Coreanmaluco,3149577,15181.990086009244,16129.747653406175,15.143066833659775,0.1361529769883125
A]],4959454,15994.44961983778,16127.440379093756,8.880221742237866,0.27735054858595887
Kotsik,9820878,16278.921819373501,16124.020781489431,-6.400897529675733,0.28461975049319455
Sh4rq_,11684622,16083.750171729922,16117.310176675195,-1.8345044031466342,0.1439522261865865
Tsuwagi,9313951,15533.207275749804,16111.232235061636,18.837090935246508,-0.00732099087515335
lPogonyuto,6800152,15669.178665124584,16110.88840012285,6.049334031829757,0.16804505766929811
nicebroccoli,8696866,15923.019813392862,16110.099192759115,3.9841408292874223,0.11812974369139634
Petit,4637369,14744.996823966574,16106.658795208856,39.98908388969804,0.024272205432520025
Vamhi,6123428,15742.93768400201,16103.551210518774,16.47327708625703,-0.1083509253579499
Pabloniichan,17117482,16877.059701838414,16100.24037650957,-21.253121948720782,0.3796005595832394
AHTOXA,12958376,15659.56526087757,16098.207011382761,0.4925120516295726,0.19778115647402442
Tim Kackner,14385814,16004.675950967254,16094.420739559737,3.0372716146599488,0.052445224121454394
NYASH,12976255,15886.633106716672,16088.692817329713,-1.7992278709623213,0.22249825910594168
Demonical,5447609,15967.269331973046,16087.718725818666,5.3856279320635805,0.08508811944820638
dench,10073635,15702.92793567103,16087.199467695074,4.513959062991111,0.06073225177704465
Doomsday fanboy,4511522,15606.11788419077,16083.184105067465,9.929949773718759,0.15822768391892889
815,13618032,15600.914846432328,16082.556059522767,13.439579877476314,0.17152512802951325
woojungx4,6567297,15703.976232834802,16082.178916964825,17.991436039728736,0.06126324781767508
azr8,2562987,15231.643802015053,16060.283828330306,27.851467863417874,0.003563148203676899
AllyrD,9561644,15640.352636244364,16051.581761873236,22.811334468647516,-0.03726084362394269
nicki1324,612898,16049.260747054666,15997.984667952616,0.2674052814723916,0.0621895404249012
Aerora,7440783,15420.425002435186,15983.81110706282,10.972908106142153,0.2009179849787234
tsumiya,18153252,16349.128055362653,15981.834099062002,-18.751824949235147,0.4112686284608047
8581210,8581210,16488.65315391974,15980.932043043822,-18.382409752545403,0.42729815602282356
Areox,7680559,15328.2720341787,15971.968571394222,25.819291400524953,-0.07318416770203441
1v9,6646269,15922.23575749909,15948.964488364601,-9.244710463378402,0.27704434265284594
moon2k,2204373,15696.944997145549,15932.924167032857,7.713545361708304,0.23860433111449503
Srr 4,15556397,15516.855851515107,15923.911997692157,7.030511413855055,0.21336610743105694
Homutan,8655635,15574.47768881635,15913.069263099778,5.476195936984178,0.146766478488071
Rykic,12667143,16548.34369922755,15908.370448854883,-17.566333756189554,0.37828345872723157
A L E P H,6735738,15761.511112063343,15893.763973801086,-8.81850163915797,0.3331872857373623
Reimu Hakurei,12686213,15762.316803869659,15889.620784555013,4.907180526007024,0.010598787459913954
Juztan,14272451,15890.530127824279,15889.11045147262,-0.8426029358807124,0.10344124608819798
Loosay,18827585,15201.015443845623,15880.620078241149,37.44506356587683,-0.033879290932453524
MYKEYBOARD,15567583,16117.476215535988,15869.2837275685,-10.040821098382564,0.30262589587752464
FlasTEH,8443945,15869.60251592273,15853.76341403143,2.665949322694203,0.05313184264386156
ocraska,19401270,15457.784776759907,15853.52002041575,6.242031677831797,0.27185028586986354
GodRoPoNiKa,11195861,15831.54525054806,15848.417667946502,8.433725325655253,0.12914569862885475
wuso,13735210,15880.398860269675,15845.032847530458,-7.324830910935811,0.20211055627378502
fedotoff,7351448,15958.288813724881,15842.43530236334,-14.044246793230496,0.3850096674785699
XxJoeSwag727xX,15493529,14715.525156417,15834.397307011337,19.49665579786453,0.14749725143025177
NathanRam1918,4734703,14978.849230149583,15804.08952054514,9.633830757591891,0.24860458397531282
Sp1cyy,22710559,14892.262220223518,15795.608519790514,27.601863365632315,-0.01948999941871865
Melvr,9211924,15378.263970969769,15793.929586955508,2.7724295140516504,0.20412852894049346
hearts,13006426,15136.112082046848,15790.94742480044,10.062002170401275,0.13367980281096029
A21,11198996,15359.570165325962,15785.57469298324,20.43791898420411,0.02071277712204852
Alumetri,5371497,14706.143796986971,15784.041164002598,23.532106327913535,-0.03909835092418801
Asckar,9650310,16148.757948905688,15774.703169178181,-9.909713456942821,0.22634881534812284
Snowy LP,8975836,15087.021802065141,15772.277415135928,14.854328008290581,0.01669308996750648
Xyhara,33389301,15595.577471572018,15766.725200171039,4.052397726786441,0.14227264122375408
Shadeow,13193663,14829.58896708143,15762.418303831517,27.665576137160325,0.05293319280878059
matcha,7613309,16052.04060866301,15760.717556513358,1.0626204663719228,0.1643327525841814
Alyra,11113213,15692.379139444034,15757.425810466999,-0.15752742173824116,0.22831874172290284
Karthy,4196808,15330.812061697068,15749.200578177817,16.415459118205934,-0.03132390896045927
gusrua123,1336437,15440.770882448533,15747.866342215839,-0.1139454068288353,0.2821072452991224
C-L,8901306,15793.475012378376,15739.718090624028,-3.9779039383728705,0.2017884733498322
zonelouise,1492995,15782.216912621498,15735.448625540008,-4.787196749673161,0.15127339160911402
Fametime,11405263,15778.610300398343,15733.60948941755,0.9116631046759812,0.016050323729824824
anmear,25927812,16150.82890258048,15732.019433260914,-8.477864125525782,0.20164611651748696
Tepi,9480554,16014.533347919541,15725.513757312334,-4.130114420836469,0.2977921827189604
Hifkil,4301976,16025.141771095672,15724.952848888315,-5.578060936056144,0.22902880639805126
Cellinia,13214651,15432.179114097451,15722.136018875086,1.9849416047239083,0.1759577994384809
RAMTIN,7216681,15416.267288254216,15712.821336138972,8.92766874889194,0.1065798702983321
Failing,7587734,15033.927812201826,15712.303720222584,16.6982723929745,-0.03537878937362152
bocchicookie,6404488,14792.705121544212,15710.55301078728,11.779631869451991,0.06036273146179811
BTMC,3171691,15753.086023519601,15703.295779224245,0.4473716525338409,0.10005370360774413
cyo,8195473,14675.960216236506,15700.564095787853,27.483372662573885,-0.07039163603708096
JackPaX,11226645,14391.033782233564,15700.047012983267,27.961633453053977,0.07390109146378342
Luszer,11398156,15671.617319508683,15696.556876389606,-5.701095878922432,0.35414802697945097
Raspigaous,14176480,15654.185135430449,15696.520024566398,-5.300258805390679,0.2857554582125529
maxbireo,4682646,15756.2163007258,15687.108542905275,-1.831061853478294,0.09469130365988426
Pezz,10651106,15046.899880467812,15684.09912346702,23.113156101405174,0.023281514171906808
Oscar con boina,18284065,15617.663402522481,15681.862119744652,-4.224226331441734,0.1824328096061748
nemroz,11307733,15580.481778202035,15674.734540408053,1.592483765988045,0.18765575854159378
iryl,13016277,15797.43465622072,15666.780980541776,-1.5337779077459948,0.13265525877798304
ronipan,8359561,15887.29597901692,15658.146612961797,-15.372993279559985,0.35933517657882225
MoJIHu9I_MaKcuM,20092579,15044.971209945152,15657.78145193413,19.10723006575603,0.10501272236537837
pauldeegee,20511373,15382.814397994965,15653.444268314206,3.043534242304489,0.20259897851478084
nooneloves,15885344,15410.759935379394,15648.333604112346,5.521478761973596,0.19639650679080375
Yonannas,8769858,14582.797679645086,15645.401131305327,26.283055544261906,0.06345672770282235
im a fancy lad,4908650,14754.514852151047,15636.027245084024,35.197348945650155,-0.01986720723608709
whiteceiling,4064661,15223.311958884862,15624.37082879539,7.996009972225389,0.13404334003693508
fallenbtw,19827029,15061.11708872554,15615.67697062212,16.5438379010733,0.0491014077854273
judah1224,16756305,14952.729467684985,15613.705347551513,15.467020128318241,0.023501989024501603
BossPlays,7341471,15821.867319658995,15610.765254268883,-11.477149142890125,0.29660319595747575
Cracento,6619303,15330.351224426233,15598.615785423728,9.501967690183935,-0.027383284781983912
yukarimybeloved,13286326,16044.716798070545,15590.537287589825,-8.19629854988197,0.28339895381362884
Ethan2222,14249222,15370.453885513243,15589.52785520552,1.397576717948816,0.07434258336334572
ganjanov,11584075,15627.588932862669,15579.266204560234,-1.5228098925496965,0.17610080835570774
nejzha,8105138,15476.87944993969,15575.689077680754,3.2143481911137908,0.06839080988686648
me slow,11410238,15386.855244174942,15565.894917832418,4.637586402576091,0.03334453956745582
Cheyne,7818990,16178.451912465202,15548.97906729039,-17.493061457673576,0.3236952073849673
marzey,11584669,15602.413097504781,15538.003630834255,-7.281003484394753,0.2592793611270094
Sodor,7784120,15831.42911558043,15535.396097185543,-7.453548341019136,0.17100762841672673
Flameztear,13207763,15040.570458321377,15530.775651083995,14.845377496138644,0.1189581587934255
lifetime,10958852,14857.9124821732,15528.327796784974,29.403491780888142,0.07583302551191054
calebshucks,7959945,14562.84529318795,15526.56087597938,13.598200917749296,0.15172981421774984
My Angle Okayu,15908405,14799.75533074573,15524.829684632268,14.603956821493611,0.17390053549045603
jop,6360447,15617.101326847034,15520.75210371674,-8.802765789458332,0.28856209540143085
Saymel,11948617,16013.423988420753,15519.546269767861,-13.527933110925655,0.30328835057793024
yadon,6922333,14751.033762391287,15517.1842108578,9.606833611504408,0.155224942939392
Kelathis,10240089,15379.488124085861,15499.755852874807,3.425371807637747,0.11313643055705085
Stoof,4916057,15241.377542429802,15494.411748337374,10.575372936825481,0.10312494906675251
ozy,11310423,15562.538592971823,15487.321534414392,-3.881445497643333,0.2882813795299045
redbaby,3673698,14927.92780034646,15482.00012191904,24.789519688965036,0.06617765001751763
Allegrissimo,9052194,14939.60698912507,15479.746956848347,5.662470114660286,0.08574816460783785
shiromisu,19618102,15388.117860615223,15478.58703156988,0.656289097141273,0.15992353889668995
Jad,12652779,14553.603196339835,15475.382491337008,25.44847135848371,0.05376886550634528
sarboggly,13304804,15694.446128402953,15460.396456584976,-3.985351822811483,0.11729973837590343
Jakson,8788058,14795.055731846522,15456.369228900478,14.01065088867104,0.09481181546095524
SL1PER,10199538,15111.20870519025,15445.461061088292,9.74163973724158,0.08689874092131124
Slenderman,8935379,14516.58737683962,15426.296995390305,29.139224272436444,0.034263754409305
xolotyy,26368668,16165.593149556857,15420.552539228685,-5.053128800488907,0.30790654129963413
Mlaw,3126596,15405.377386484026,15419.372428022716,0.11298377271766186,0.09408063813450916
Nailer,14277157,15238.353093954676,15419.31171040378,7.291899866547544,0.03665978916715131
resha,16866418,14866.906239574446,15403.25560762781,4.095649968792416,0.19582407968062399
Ryugia,12378737,15312.267869467094,15398.829185794677,7.31931633656058,0.07492041236735737
CosmoXR,18414466,14672.254453977279,15398.161144648211,17.64614830461224,-0.07250300242588571
orngoos,20250190,15454.063417235744,15395.35973306578,6.05501760772734,0.0631923112956847
KNa-,14184577,14921.570514397737,15382.919126255298,13.889387126242804,-0.08131419582202837
Srr 7,7371294,14433.733960218895,15382.426340868182,31.184237851008355,-0.06957294944975788
Aireu,1650010,14911.449311199569,15382.238737720016,16.631636356865457,-0.015099066011884137
xvy,15135237,14573.59420809488,15377.70608987747,12.811938883656131,0.08716526619811031
Sobu,13872272,15122.026740968571,15368.629551943754,-3.493352773666578,0.2787710057777933
Xemtin,18897621,14969.951742118474,15367.741489640754,15.066017099490523,0.014375350760554018
vljoy209,16870029,15910.093374732474,15364.823047321279,-15.388148234950165,0.3525546693205075
Skillertvv,17673584,15746.684066901205,15353.18386370581,-15.73644327685146,0.3981756909913379
k4rnu1,15537476,15613.277032549879,15349.88204752342,-5.1436512009349675,0.139729300316808
waifaii,9256803,14751.755115146134,15343.31166738608,14.195501176163997,0.14926380062585007
eloj,12389546,15198.526156293516,15343.011353305195,3.751600744360519,0.15040110591794206
Kluchen,7961288,14867.054534790223,15341.029256594069,4.37106381994269,0.1584943748994739
Hagawobla,11509631,15140.34197236723,15339.959672217135,14.364512195828972,0.03414129083155213
treyarch,12736534,14929.140350707872,15339.622133528934,17.859526748463725,0.09800803065595287
meridian,18014081,14791.553214964153,15335.45706880022,1.421973842995518,0.21520307236189898
Rizer,5155973,15091.451606042092,15331.342997206653,-3.730940760607433,0.2853171561130454
Cymango,19256705,15776.716820388807,15331.265170544277,-8.32861652640441,0.2551455713999071
fedoragoose,2323131,15490.897310468821,15315.788697947606,2.54967828426246,0.16809845358385103
SadnessWillSear,6591496,14803.157162375424,15307.916981791383,18.407878258005024,0.010093323050931403
Viveliam,3506793,14582.499861761924,15298.049920610882,26.74852598193903,-0.05766142922005026
shiroude,12479148,15037.971187112147,15271.465525275109,13.581274396749826,-0.0003852560151357676
pupusa,17649390,15941.668462909367,15269.215764440447,-21.146729632636248,0.42157486490925705
pluk,12111972,14949.57456486786,15262.184296716261,9.876140153937875,-0.05286212901975342
Thundur,4141918,15190.319609192842,15253.30305508333,7.501180946301968,0.1189437316669908
SheDiK YT,13872859,15196.48250073534,15233.843385727234,1.733057746220112,0.05328203846489351
Dumb-Andy,20963631,14589.589716806166,15220.958142452777,22.191175943402996,0.13179045214594004
etternia,10913538,14971.269375746524,15208.592303029554,2.988076804874895,0.15474627429953913
HUNDUR,3145033,15001.945347461558,15199.894323971535,6.864061151491816,0.13868476725676293
Xaver,7410343,15485.26704833787,15199.34401916701,-5.503668020541714,0.13403881789348582
Dustice,754565,14604.390959577398,15198.48414676659,18.511137803605326,-0.08387752695358745
SrChispa,5455713,14869.524959822767,15193.08959054936,14.103104342024992,-0.1059147048253123
NichoIas,11141578,14710.100527965296,15191.959789468101,3.6342952292825954,0.16565886566449367
Lesperry,18092331,14760.317980338888,15185.166875842251,21.190077836630373,-0.11176419536647933
Anolikaru,33197849,15445.205161792373,15181.68765559199,-12.189600450579741,0.3002856360193563
angelkanna,10196805,14806.86002910752,15171.938164990213,19.290145775946975,-0.07951207665914577
Gurbzy,12970596,14869.745972109038,15163.235927448186,2.3336449396683987,0.09819553134724628
Vayge,16359045,14851.964633390895,15161.903044912448,6.993322378420358,0.021559287841787213
suly,7806847,15337.558807577887,15156.41060614014,-6.278072928282996,0.21247853074927978
Sherbet,11800154,14509.577607600228,15154.608689205128,20.293886013762602,-0.005264961290827592
Willy William,19776980,15519.989347373752,15153.889952159076,-0.27466904804841646,0.10902568356270854
ILX,15743842,14904.661335637671,15153.339878466191,18.292711740872527,-0.0864672803693018
wooting,14897088,15409.341135642913,15138.583264862791,2.1466782296058953,0.11622712096322671
AxewB,4928776,14650.93235561838,15137.854950792751,22.95010323247797,-0.11574749629186176
r_kt,14633196,14715.281274246032,15135.486485964953,10.787160533200963,0.06454989158103601
Jarran,11417993,15540.907682367475,15130.044877883007,-13.806187722437048,0.31724712909762093
freed0my,9099771,15144.920732881528,15129.224773699478,-3.9152579778951258,0.1515799094149756
Gaspi,18922516,14753.621905949625,15122.974836684167,4.52493208242435,0.08918128316106064
Yoo Da Hee,15818398,14630.647525695427,15117.735800873497,11.295491310694073,0.020798660226770193
khz,9254536,14823.132659309398,15107.778760442934,6.243444423146803,0.041146107876128796
imissher,11596326,15680.676270579423,15107.016865873979,-14.193552639345334,0.2922415719873599
Vagabond,10702366,14404.683082662828,15102.179295466736,15.616865853292584,0.04966955444613133
auteaism,31849423,15364.218766730948,15098.699307374958,-5.436885389545041,0.18631373828160883
Mekeyo,10270787,15149.878076166453,15097.698706768064,-1.7852568959048336,0.2230719229187421
kurtis-,5477343,15060.495446665493,15090.539923957174,6.555240705324167,0.11555502547012964
Epes,11351654,15146.603336030823,15071.170634185546,0.7132199959952663,0.11535265401650951
Rebo,6942259,15122.859816227607,15063.164662037654,-1.6317017725644951,0.11135780049563643
Kyros_,23925029,15545.8208031544,15061.051812677912,-8.367043234388676,0.2915518850032823
polski1,18131614,15121.762437466245,15058.466415425579,1.1085601139757342,0.1420806475812485
kemsi,31507014,14919.999306893027,15052.12721890065,-4.449721079536534,0.2738490954606011
Spacus,14361133,15297.138545775282,15051.923367829166,-13.37047429644732,0.4072583190569327
SanyaVsunya,11403899,14465.251556826803,15051.256396572115,7.613788322368489,0.12467489055311151
Tikkanen,7341081,15259.072577332392,15038.043636329581,1.7069697792264469,0.06053733180867004
hamster tables,13510304,15269.932947957295,15028.930250053756,-2.600447634887944,0.15245378062979997
Sirboks,15734664,14832.084246642062,15023.005481606668,4.854018147018791,0.0349174360531424
-L U C K Y-,11875189,15396.139606401879,15014.934782554557,-3.9639538713481013,0.13879593385058758
Tartis,9513980,14601.526680824296,15010.474463121676,16.28821205563168,0.0442232666041401
xafi666,9915885,14983.228701464095,15007.747899784774,1.7735330422885296,0.15688960094564552
Icarussy,19526828,14862.184862799273,15006.604497631302,4.20304525477724,0.13436185458971173
RAFUNA,11481765,14251.395127186895,15003.09104296366,10.134453617004825,0.1845929735215307
disperagioia,15803185,15215.326154904997,14987.329633858832,3.1733210582796665,0.15799103476911483
AstroVnz,24486749,15408.181935130153,14970.367293056495,-11.075928186933215,0.315244890689553
wusa,3942535,14426.06148230358,14968.602066284044,7.7904208017017575,0.043787898807699135
elsi,6668666,14619.588182713414,14945.761086517725,3.6710182913776235,0.20471335162086304
Gameroft,9797230,14885.910791302893,14926.19290246282,2.0748961311797984,0.11715455563406187
dsa,25643883,14565.27940364143,14909.936365681027,20.654437016301276,-0.011804868712969903
Toy0Ta,13056953,15265.046029774838,14906.633515216527,-9.725659287819525,0.259256401931112
Hober38,19887342,14703.825826332444,14899.852074126578,-0.03417974778270604,0.20595721035716458
Seviade,10954912,15162.42333980879,14852.094602135934,-9.01408736264326,0.23912161387494776
kr__,29545680,14826.789556858257,14849.05361273247,-1.1260245490805914,0.23208094969759555
nixie,11424586,15272.823660207518,14845.932298739217,-2.675634379338245,0.07868978817186026
WooperFan1,10145502,14996.601564099472,14844.126264122791,-8.230625937882646,0.21105220457803892
NOUMEN BREAK,10223298,14804.26207292553,14824.812483405141,-4.511619448527825,0.2014615983675483
villix,12739835,14738.783992271254,14819.405237064107,-8.5883805108951,0.35524022961849383
ruirui,5423872,14694.82519925709,14781.556262209593,4.384617981328445,-0.026722600747852713
aidinth,11580377,14578.142238827617,14773.491328893388,1.2390387653329833,0.2632080337122854
-aico,18371932,14737.239585174706,14772.519913894,-0.706626956270228,0.11795043846744481
Xqeer,11120124,14779.865892457612,14764.267673269196,5.5535317864855465,0.12007056018988417
zekk,9704802,14696.167229631168,14758.365562610648,1.9842467687458918,0.06749829324771679
marcel7,13062430,14460.921030126266,14756.753520479282,3.6233933346738194,0.12014775880638527
Evernight,14035338,14631.926979600039,14752.422056484833,-6.689803452514124,0.2877338139990389
Srr 3,9331403,14802.068037026258,14750.88260811564,-6.991764761247979,0.19969090032349146
Remirakk,27758743,14556.487740897544,14741.801223111397,-2.7737515321199453,0.16696596755368057
MiMiTooU,17462509,15000.890594641613,14708.656603638146,-11.459917356309715,0.28750954665248873
xep,9203793,14717.476652005715,14683.072336031046,7.947114751907559,0.0558049600757357
-Kedama,12147277,14317.854344803442,14679.610831073145,4.147190629066971,0.12898488044576562
Tofy,11113067,14891.849236733591,14673.664980998996,8.552094514582814,0.1157022721529036
gakuw,12420904,14854.107416448198,14672.296455494916,-5.891725437548328,0.2695395377103144
FlySlime,3876402,14444.099283585418,14659.602974434005,-2.00710868083229,0.1954332042520438
rebella,6824840,14594.512075250585,14638.943582546952,-3.629238926547315,0.22883711437633192
Gl1tcher,24482708,15167.632406360677,14609.910603419015,-9.429076305878795,0.30663812157745673
Binninja,12110337,14522.00311328357,14601.549480253201,-1.7326544323283166,0.2214868500745996
Sorae,11811792,14660.4313827343,14557.458431619842,-6.978294772853351,0.26025104918957415
golem de caca,18323396,14735.77009755251,14547.112584076302,-3.141945970787241,0.06888371795754403
nyaaapurrrrr,14865000,14642.633121149172,14542.745903379788,-4.651757813941658,0.26577086155279217
Toji_fushiguro_,17381728,14784.526051173727,14450.488018621276,-4.8509651890088366,0.24422377598508965
-Spartan,5783061,14542.98369757497,14442.00882755175,9.38415058852096,0.2424431256893573
Toesu,4432408,14964.517119902517,14374.19748914857,-11.52794110426643,0.26424209342315036
zhunque,16564766,14932.186488399982,14352.510835603469,-11.00959289215261,0.3002036070725622
SLOVAKTRUCKER,11553201,14823.790973441184,14326.440651038032,-10.451277235304815,0.2607497424149418
adomeium,16348690,14653.679191552492,14311.732677403925,1.8163102771659134,0.14611786918894415
Zanzabar,13212181,14830.003798231864,14295.16707546576,-4.583198822706851,0.18829093520903137
cr4shz1,15525103,14702.213002480297,14191.763146486357,-11.429710082605848,0.34447809102207666
lemontree,18835943,14728.881784614468,14090.519756796386,-18.97339396341514,0.42080788239394473
