UserID,Username
7562902,mrekk
14715160,cryshina
15406985,Ivaxa
9269034,Akolibed
10549880,NINERIK
13108233,milosz
11367222,lifeline
5033077,Zylice
4175698,sytho
13211727,NyanPotato
12779141,gnahus
12137295,jahkon
8251785,killer2007
7341183,ASecretBox
21207816,bored yes
19851850,cloppit
5199332,Chicony
6404583,PLOXARU
17235399,superi0r
11496364,JappaDeKappa
25444680,originset
8640970,enri
9970083,cloutiful
6725771,ferret irl
12834269,roaz
13962152,creator
11626318,reused
13767572,Saiyku
15296720,freezes
8816345,grrmondays
16817965,Kamensh1k
8856806,ChocoPafe
10077431,Plasma
9642774,milktea0019
9938943,aknzx
17730661,OnlyHadley
13051015,Zoxeim
12873118,smozhen
12258658,Tsfury
9074780,atlas
12952320,aimbotcone
8356568,femkitty
11443437,[Karcher]
9224078,FlyingTuna
12408961,MALISZEWSKI
4108547,WindowLife
10933605,haxor
6600930,yamss
5339515,Mathi
7525949,shimon
14215850,bunnylikemoney
10651184,MINHOCA LOKA
11159039,Yseri
4504101,WhiteCat
14106450,worst hr player
2546001,Intercambing
13057699,z9a
9849451,NaPiii_
2675255,hqshe
13609904,PinkEyeFan2013
10323184,Flaro
8799923,Suyong_
2165650,mcy4
8007528,Raikouhou
13300203,yary
13216706,gwb
17104779,-bouingue
8868635,Egor
19072684,nehemiah
3717598,xootynator
7813296,rektygon
24409289,Choofy
11885405,xan_ly
7918057,Shyot73
11592896,budge
15119977,MouseR1ez
2291265,Arnold24x24
7342622,Freddie Benson
11415687,Kurumiw
7512553,Utami
2094566,FGSky
11806306,Zyntex
14676719,TTv_UFO
2766034,Umbre
12130906,[ Master ]
16320893,Dever
12434652,Gonzah
1719471,EZChamp
4209965,Bonk
2558286,Rafis
11552867,Welter
10760701,Catgirl66
5981005,gamer228666
10743390,RafaMat
30751112,bibero
9993348,ur cute
6937470,kazamabc
20120615,Pipipupu997
6114695,ciru
6304246,puppy
9896317,Remiyuu
12169267,315
124493,chocomint
4882979,Dereban
8075782,ratcho
21619075,def
7959222,majoreh
11215030,argweid
8660293,willy0214
6788821,Dempsey
4787150,Vaxei
11375105,4k110sh1
22082286,Weetab
10903510,trumpatino69
10916561,coda
14097024,thank you
2932510,wuhua
11829390,sakuraskip
16616677,CyberOni
5527745,Abyssal
1419095,Aricin
11604978,luciano
11243772,reimia
15780777,big_tatik
9712285,desuqe
8472976,Suyung_
5645231,decaten
13470496,9I DePeBO
17446380,bananachi
10077132,monte
7627844,Mahmood
5218178,MALTESER
15293080,clafrelys
7780605,Fleh
16900233,awesome sauce
14733798,Zeaqk
10145045,Juh
4256461,Riot
15339747,runnysunny
7280590,InBefore
16270893,kyojaku
10188022,-Hirata
18903701,Dreamz
10083084,Librarian
6524092,VoProSSoFF
15816872,Ledeau_Fox
11383358,Drxvmik
12204079,Blah
10809844,xymbii
5182050,Bubbleman
13204938,Lolu
10354591,saraune
3498155,Zaqqy
24371637,Thornnn
2590257,wudci
9227895,LordGabriel
14573462,leancat
5774823,Rupertion
11930908,AdrianLabubu67
12353810,papercandle
9072586,Andros
14992852,lil bread
22274174,CUPSIZEFAN
15428284,nase
10092099,Pablohh
13065919,R1cho
8082362,TrickyPugster
11269055,supernoob2018
11828209,Aerodite
23179637,ozbert
18441629,aim1trick
12159899,MineFrostID
15095811,origin_
3771576,Flami
12118967,Zentoro
10333154,synoxa
8116659,criller
15225729,Exxotl
17117482,Pabloniichan
10613549,Shirosora
10717635,Hakui Koyori
1876565,Mastasz
20263707,bob man
13705417,Rafugapu
18659783,Kwal1976
9747255,Fobxx
2012453,PikaPwn
18604347,Chamqp
7724148,John Aim
17202789,YMD
14764185,Mike Tyson
21811804,Akuma no Tenshi
7075211,tekkito
6387149,kuzu222
13287112,Salikuu
7068158,JapWhite
23417038,Arash
12241010,Tutel
15587374,ULTRABAYMAX1562
7892320,Zeisen Udongein
1334384,T A K A O
9459674,maxim
9902255,Apostol
12699987,cxyd_n
7027766,Chipori
18946207,Nekore
8581210,8581210
12667143,Rykic
1473890,badeu
16864309,Sheena Ringo
7883418,WakaiYuki
12637617,sylriu
12155780,vixylium
4581069,etn
3345902,Varvalian
28071599,stars
18802561,Zoomeree
21958501,fuzzyu
12482926,zoomiee
17724014,Alfiu
10380158,jabahh
14970132,SaintSFT
9820878,Kotsik
3893786,Tofunim
7025429,MyAngelMiku
14503423,misha awa
18153252,tsumiya
2511839,NeliNyan
5447609,Demonical
6142837,NoSin
2572468,Nongsa
18351160,Stixe
1860489,_Shield
15567583,MYKEYBOARD
7818990,Cheyne
11684622,Sh4rq_
3765989,okinamo
4959454,A]]
4301976,Hifkil
11399348,fragranceofpage
6646269,1v9
11518376,HaSappy
14869187,RektNova
12366071,bsm
13380270,Kama
9650310,Asckar
8481621,gabyyy
6735738,A L E P H
12632867,Neinja
25927812,anmear
6806754,Ashdoll
12976255,NYASH
31144837,Meow mao
11948617,Saymel
7351448,fedotoff
11663882,Jorikawa
26368668,xolotyy
9480554,Tepi
8359561,ronipan
612898,nicki1324
13735210,wuso
10890712,Tonnisdk
8133880,_fefe
7613309,matcha
14385814,Tim Kackner
14272451,Juztan
10073635,dench
2204373,moon2k
16870029,vljoy209
11553627,Jemzsee
16085078,hsk_z
8696866,nicebroccoli
13286326,yukarimybeloved
13618032,815
11195861,GodRoPoNiKa
17663097,KappaMarz
17649390,pupusa
7972980,-Din-
11398156,Luszer
6800152,lPogonyuto
8335950,Reedkatt
5319959,Master Oogway
9694263,Skrowell
8443945,FlasTEH
10162611,cedru
8901306,C-L
9414229,Pinguinzi
8655635,Homutan
6567297,woojungx4
1492995,zonelouise
11113213,Alyra
15556397,Srr 4
11310423,ozy
6787940,Cole Cassidy
12958376,AHTOXA
7341471,BossPlays
4511522,Doomsday fanboy
6360447,jop
3171691,BTMC
7784120,Sodor
16139008,sharytory
13016277,iryl
6574823,haga1115
9211924,Melvr
6123428,Vamhi
14176480,Raspigaous
17673584,Skillertvv
12686213,Reimu Hakurei
11405263,Fametime
9561644,AllyrD
4682646,maxbireo
33389301,Xyhara
11652827,jixxi
19256705,Cymango
7440783,Aerora
9313951,Tsuwagi
15843402,blobnom
11596326,imissher
13304804,sarboggly
1336437,gusrua123
11584669,marzey
4787223,queue
11307733,nemroz
3328742,Trail Mix
13214651,Cellinia
11584075,ganjanov
15885344,nooneloves
31849423,auteaism
19401270,ocraska
18284065,Oscar con boina
7178423,Teacchyyy
8181420,big snag
3149577,Coreanmaluco
7216681,RAMTIN
11417993,Jarran
15537476,k4rnu1
4734703,NathanRam1918
19618102,shiromisu
11198996,A21
2323131,fedoragoose
5155973,Rizer
10240089,Kelathis
7410343,Xaver
4650315,idke
23925029,Kyros_
9508109,onetabby
8105138,nejzha
2562987,azr8
13266755,Xiel
10199538,SL1PER
19776980,Willy William
20511373,pauldeegee
24486749,AstroVnz
13872272,Sobu
20250190,orngoos
10913538,etternia
33197849,Anolikaru
4916057,Stoof
4196808,Karthy
3126596,Mlaw
7806847,suly
11410238,me slow
13006426,hearts
6619303,Cracento
14249222,Ethan2222
14897088,wooting
12052880,Jorlando
18827585,Loosay
12378737,Ryugia
14361133,Spacus
4064661,whiteceiling
9942252,Paraqeet
13207763,Flameztear
11875189,-L U C K Y-
14277157,Nailer
4141918,Thundur
10270787,Mekeyo
13056953,Toy0Ta
12389546,eloj
11509631,Hagawobla
7680559,Areox
7341081,Tikkanen
13510304,hamster tables
4637369,Petit
9767342,Flyer
8975836,Snowy LP
13872859,SheDiK YT
6942259,Rebo
20092579,MoJIHu9I_MaKcuM
6922333,yadon
7587734,Failing
19827029,fallenbtw
2768421,BlancPur
10958852,lifetime
10651106,Pezz
9099771,freed0my
11424586,nixie
31507014,kemsi
7961288,Kluchen
12069464,flayy
22710559,Sp1cyy
15803185,disperagioia
5477343,kurtis-
11351654,Epes
24482708,Gl1tcher
15574234,Might
18131614,polski1
3673698,redbaby
3145033,HUNDUR
12970596,Gurbzy
8788058,Jakson
6668666,elsi
18014081,meridian
10954912,Seviade
12736534,treyarch
6404488,bocchicookie
9067591,MightyDoc
9052194,Allegrissimo
12739835,villix
16756305,judah1224
16866418,resha
5371497,Alumetri
14184577,KNa-
12479148,shiroude
11141578,NichoIas
10145502,WooperFan1
17462509,MiMiTooU
1650010,Aireu
18897621,Xemtin
18922516,Gaspi
15493529,XxJoeSwag727xX
7959945,calebshucks
9915885,xafi666
14035338,Evernight
6591496,SadnessWillSear
15908405,My Angle Okayu
19526828,Icarussy
9256803,waifaii
4170932,Red_Pixel
4908650,im a fancy lad
16564766,zhunque
29545680,kr__
9254536,khz
12652779,Jad
9331403,Srr 3
19887342,Hober38
12111972,pluk
4432408,Toesu
9797230,Gameroft
14633196,r_kt
16359045,Vayge
12420904,gakuw
13193663,Shadeow
10196805,angelkanna
10223298,NOUMEN BREAK
15743842,ILX
5455713,SrChispa
11113067,Tofy
8769858,Yonannas
20963631,Dumb-Andy
17381728,Toji_fushiguro_
13212181,Zanzabar
11226645,JackPaX
15734664,Sirboks
15135237,xvy
18092331,Lesperry
8195473,cyo
11553201,SLOVAKTRUCKER
11120124,Xqeer
14865000,nyaaapurrrrr
11580377,aidinth
18414466,CosmoXR
15818398,Yoo Da Hee
18371932,-aico
11481765,RAFUNA
9203793,xep
15525103,cr4shz1
12110337,Binninja
11811792,Sorae
6824840,rebella
3506793,Viveliam
4928776,AxewB
3942535,wusa
11800154,Sherbet
8935379,Slenderman
5423872,ruirui
16348690,adomeium
754565,Dustice
3876402,FlySlime
9704802,zekk
9513980,Tartis
18835943,lemontree
11403899,SanyaVsunya
13062430,marcel7
12147277,-Kedama
7371294,Srr 7
27758743,Remirakk
25643883,dsa
18323396,golem de caca
18275201,xside365
